https://bit.ly/CashAppz,"['Comodo Valkyrie Verdict', {'detected': True, 'result': 'phishing site'}, ['CRDF', {'detected': True, 'result': 'malicious site'}]]"
https://bit.ly/3pl5R4z,"['Comodo Valkyrie Verdict', {'detected': True, 'result': 'phishing site'}]"
https://bit.ly/,"['CMC Threat Intelligence', {'detected': True, 'result': 'malicious site'}, ['Comodo Valkyrie Verdict', {'detected': True, 'result': 'malware site'}], ['CRDF', {'detected': True, 'result': 'malicious site'}]]"
https://bit.ly/2SfI4n0,"['Comodo Valkyrie Verdict', {'detected': True, 'result': 'phishing site'}]"
https://bit.ly/3345vG9,"['Comodo Valkyrie Verdict', {'detected': True, 'result': 'malware site'}]"
https://cash.app/$ap1933,"['CRDF', {'detected': True, 'result': 'malicious site'}]"
https://cash.app/$asimplefrog,"['Comodo Valkyrie Verdict', {'detected': True, 'result': 'phishing site'}, ['CRDF', {'detected': True, 'result': 'malicious site'}], ['Bfore.Ai PreCrime', {'detected': True, 'result': 'malicious site'}]]"
https://cash.app/$heamonet,"['Comodo Valkyrie Verdict', {'detected': True, 'result': 'phishing site'}, ['CRDF', {'detected': True, 'result': 'malicious site'}]]"
https://invite.cashtree.id/712e6f,"['Comodo Valkyrie Verdict', {'detected': True, 'result': 'phishing site'}, ['CRDF', {'detected': True, 'result': 'malicious site'}]]"
https://cash.app/$mojodisco,"['Comodo Valkyrie Verdict', {'detected': True, 'result': 'phishing site'}]"
https://bit.ly/3hT20IT,"['Comodo Valkyrie Verdict', {'detected': True, 'result': 'phishing site'}]"
https://bit.ly/2Lzhyn3,"['Comodo Valkyrie Verdict', {'detected': True, 'result': 'malware site'}]"
https://lnkd.in/dFfH-nxh,"['CRDF', {'detected': True, 'result': 'malicious site'}]"
https://www.bstquartz.com/,"['Sophos', {'detected': True, 'result': 'malware site'}]"
https://bit.ly/2xYOK1x,"['Comodo Valkyrie Verdict', {'detected': True, 'result': 'malware site'}, ['CRDF', {'detected': True, 'result': 'malicious site'}]]"
https://bit.ly/38XabTf#1187,"['Comodo Valkyrie Verdict', {'detected': True, 'result': 'phishing site'}]"
https://bit.ly/2U1h8aU,"['Comodo Valkyrie Verdict', {'detected': True, 'result': 'malware site'}]"
https://bit.ly/38XabTf#4881,"['Comodo Valkyrie Verdict', {'detected': True, 'result': 'phishing site'}]"
https://bit.ly/3scO5nr,"['Comodo Valkyrie Verdict', {'detected': True, 'result': 'phishing site'}, ['CRDF', {'detected': True, 'result': 'malicious site'}]]"
https://bit.ly/NOPrecaryTIC,"['Comodo Valkyrie Verdict', {'detected': True, 'result': 'phishing site'}]"
https://bit.ly/38XabTf#6337,"['Comodo Valkyrie Verdict', {'detected': True, 'result': 'phishing site'}]"
https://bit.ly/3w2mPcC,"['Comodo Valkyrie Verdict', {'detected': True, 'result': 'phishing site'}, ['CRDF', {'detected': True, 'result': 'malicious site'}]]"
https://bit.ly/38XabTf#8168,"['Comodo Valkyrie Verdict', {'detected': True, 'result': 'phishing site'}]"
https://bit.ly/38XabTf#6935,"['Comodo Valkyrie Verdict', {'detected': True, 'result': 'phishing site'}]"
https://bit.ly/38XabTf#1645,"['Comodo Valkyrie Verdict', {'detected': True, 'result': 'phishing site'}]"
https://bit.ly/38XabTf#8340,"['Comodo Valkyrie Verdict', {'detected': True, 'result': 'phishing site'}]"
https://bit.ly/38XabTf#2131,"['Comodo Valkyrie Verdict', {'detected': True, 'result': 'phishing site'}]"
https://bit.ly/38XabTf#7166,"['Comodo Valkyrie Verdict', {'detected': True, 'result': 'phishing site'}]"
https://bit.ly/38XabTf#6587,"['Comodo Valkyrie Verdict', {'detected': True, 'result': 'phishing site'}]"
https://bit.ly/38XabTf#4210,"['Comodo Valkyrie Verdict', {'detected': True, 'result': 'phishing site'}]"
https://bit.ly/38XabTf#6158,"['Comodo Valkyrie Verdict', {'detected': True, 'result': 'phishing site'}]"
https://bit.ly/38XabTf#3034,"['Comodo Valkyrie Verdict', {'detected': True, 'result': 'phishing site'}]"
https://bit.ly/38XabTf#2211,"['Comodo Valkyrie Verdict', {'detected': True, 'result': 'phishing site'}]"
https://bit.ly/38XabTf#5315,"['Comodo Valkyrie Verdict', {'detected': True, 'result': 'phishing site'}]"
https://bit.ly/38XabTf#9620,"['Comodo Valkyrie Verdict', {'detected': True, 'result': 'phishing site'}]"
https://bit.ly/38XabTf#3989,"['Comodo Valkyrie Verdict', {'detected': True, 'result': 'phishing site'}]"
https://bit.ly/38XabTf#4851,"['Comodo Valkyrie Verdict', {'detected': True, 'result': 'phishing site'}]"
https://bit.ly/38XabTf#8749,"['Comodo Valkyrie Verdict', {'detected': True, 'result': 'phishing site'}]"
https://bit.ly/38XabTf#8705,"['Comodo Valkyrie Verdict', {'detected': True, 'result': 'phishing site'}]"
https://bit.ly/38XabTf#6512,"['Comodo Valkyrie Verdict', {'detected': True, 'result': 'phishing site'}]"
https://bit.ly/3sKlNOR,"['Comodo Valkyrie Verdict', {'detected': True, 'result': 'malware site'}]"
https://bit.ly/38XabTf#8007,"['Comodo Valkyrie Verdict', {'detected': True, 'result': 'phishing site'}]"
https://bit.ly/38XabTf#6100,"['Comodo Valkyrie Verdict', {'detected': True, 'result': 'phishing site'}]"
https://bit.ly/38XabTf#9956,"['Comodo Valkyrie Verdict', {'detected': True, 'result': 'phishing site'}]"
https://bit.ly/38XabTf#3939,"['Comodo Valkyrie Verdict', {'detected': True, 'result': 'phishing site'}]"
https://bit.ly/38XabTf#1437,"['Comodo Valkyrie Verdict', {'detected': True, 'result': 'phishing site'}]"
https://bit.ly/38XabTf#6393,"['Comodo Valkyrie Verdict', {'detected': True, 'result': 'phishing site'}]"
https://bit.ly/38XabTf#684,"['Comodo Valkyrie Verdict', {'detected': True, 'result': 'phishing site'}]"
https://bit.ly/38XabTf#635,"['Comodo Valkyrie Verdict', {'detected': True, 'result': 'phishing site'}]"
https://bit.ly/38XabTf#946,"['Comodo Valkyrie Verdict', {'detected': True, 'result': 'phishing site'}]"
https://bit.ly/38XabTf#2706,"['Comodo Valkyrie Verdict', {'detected': True, 'result': 'phishing site'}]"
https://bit.ly/3xAefB1,"['CRDF', {'detected': True, 'result': 'malicious site'}]"
https://bit.ly/38XabTf#1253,"['Comodo Valkyrie Verdict', {'detected': True, 'result': 'phishing site'}]"
https://bit.ly/38XabTf#7604,"['Comodo Valkyrie Verdict', {'detected': True, 'result': 'phishing site'}]"
https://bit.ly/38XabTf#4565,"['Comodo Valkyrie Verdict', {'detected': True, 'result': 'phishing site'}]"
https://bit.ly/38XabTf#5909,"['Comodo Valkyrie Verdict', {'detected': True, 'result': 'phishing site'}]"
https://bit.ly/38XabTf#142,"['Comodo Valkyrie Verdict', {'detected': True, 'result': 'phishing site'}]"
https://bit.ly/38XabTf#2512,"['Comodo Valkyrie Verdict', {'detected': True, 'result': 'phishing site'}]"
https://bit.ly/38XabTf#6489,"['Comodo Valkyrie Verdict', {'detected': True, 'result': 'phishing site'}]"
https://bit.ly/2RpJcY5,"['Comodo Valkyrie Verdict', {'detected': True, 'result': 'malware site'}]"
https://bit.ly/38XabTf#4550,"['Comodo Valkyrie Verdict', {'detected': True, 'result': 'phishing site'}]"
https://bit.ly/38XabTf#204,"['Comodo Valkyrie Verdict', {'detected': True, 'result': 'phishing site'}]"
https://bit.ly/38XabTf#3140,"['Comodo Valkyrie Verdict', {'detected': True, 'result': 'phishing site'}]"
https://bit.ly/38XabTf#4786,"['Comodo Valkyrie Verdict', {'detected': True, 'result': 'phishing site'}]"
https://bit.ly/38XabTf#8985,"['Comodo Valkyrie Verdict', {'detected': True, 'result': 'phishing site'}]"
https://bit.ly/38XabTf#5217,"['Comodo Valkyrie Verdict', {'detected': True, 'result': 'phishing site'}]"
https://bit.ly/38XabTf#749,"['Comodo Valkyrie Verdict', {'detected': True, 'result': 'phishing site'}]"
https://bit.ly/38XabTf#5555,"['Comodo Valkyrie Verdict', {'detected': True, 'result': 'phishing site'}]"
https://bit.ly/38XabTf#2704,"['Comodo Valkyrie Verdict', {'detected': True, 'result': 'phishing site'}]"
https://bit.ly/38XabTf#6594,"['Comodo Valkyrie Verdict', {'detected': True, 'result': 'phishing site'}]"
https://bit.ly/38XabTf#6204,"['Comodo Valkyrie Verdict', {'detected': True, 'result': 'phishing site'}]"
https://bit.ly/38XabTf#3654,"['Comodo Valkyrie Verdict', {'detected': True, 'result': 'phishing site'}]"
https://bit.ly/38XabTf#7855,"['Comodo Valkyrie Verdict', {'detected': True, 'result': 'phishing site'}]"
https://bit.ly/38XabTf#6630,"['Comodo Valkyrie Verdict', {'detected': True, 'result': 'phishing site'}]"
https://bit.ly/38XabTf#3574,"['Comodo Valkyrie Verdict', {'detected': True, 'result': 'phishing site'}]"
https://bit.ly/38XabTf#9781,"['Comodo Valkyrie Verdict', {'detected': True, 'result': 'phishing site'}]"
https://bit.ly/38YI5nS,"['Comodo Valkyrie Verdict', {'detected': True, 'result': 'phishing site'}]"
https://bit.ly/38XabTf#3806,"['Comodo Valkyrie Verdict', {'detected': True, 'result': 'phishing site'}]"
https://bit.ly/38XabTf#925,"['Comodo Valkyrie Verdict', {'detected': True, 'result': 'phishing site'}]"
https://bit.ly/38XabTf#9334,"['Comodo Valkyrie Verdict', {'detected': True, 'result': 'phishing site'}]"
https://bit.ly/38XabTf#6435,"['Comodo Valkyrie Verdict', {'detected': True, 'result': 'phishing site'}]"
https://bit.ly/38XabTf#8072,"['Comodo Valkyrie Verdict', {'detected': True, 'result': 'phishing site'}]"
https://bit.ly/38XabTf#5774,"['Comodo Valkyrie Verdict', {'detected': True, 'result': 'phishing site'}]"
https://bit.ly/38XabTf#4154,"['Comodo Valkyrie Verdict', {'detected': True, 'result': 'phishing site'}]"
https://bit.ly/38XabTf#9331,"['Comodo Valkyrie Verdict', {'detected': True, 'result': 'phishing site'}]"
https://bit.ly/38XabTf#4660,"['Comodo Valkyrie Verdict', {'detected': True, 'result': 'phishing site'}]"
https://bit.ly/38XabTf#7406,"['Comodo Valkyrie Verdict', {'detected': True, 'result': 'phishing site'}]"
https://bit.ly/38XabTf#3096,"['Comodo Valkyrie Verdict', {'detected': True, 'result': 'phishing site'}]"
https://bit.ly/38XabTf#5918,"['Comodo Valkyrie Verdict', {'detected': True, 'result': 'phishing site'}]"
https://bit.ly/38XabTf#4139,"['Comodo Valkyrie Verdict', {'detected': True, 'result': 'phishing site'}]"
https://bit.ly/38XabTf#2200,"['Comodo Valkyrie Verdict', {'detected': True, 'result': 'phishing site'}]"
https://bit.ly/38XabTf#9566,"['Comodo Valkyrie Verdict', {'detected': True, 'result': 'phishing site'}]"
https://bit.ly/38XabTf#9493,"['Comodo Valkyrie Verdict', {'detected': True, 'result': 'phishing site'}]"
https://bit.ly/38XabTf#7475,"['Comodo Valkyrie Verdict', {'detected': True, 'result': 'phishing site'}]"
https://bit.ly/38XabTf#4963,"['Comodo Valkyrie Verdict', {'detected': True, 'result': 'phishing site'}]"
https://bit.ly/38XabTf#630,"['Comodo Valkyrie Verdict', {'detected': True, 'result': 'phishing site'}]"
https://bit.ly/38XabTf#2778,"['Comodo Valkyrie Verdict', {'detected': True, 'result': 'phishing site'}]"
https://bit.ly/38XabTf#2701,"['Comodo Valkyrie Verdict', {'detected': True, 'result': 'phishing site'}]"
https://bit.ly/38XabTf#7088,"['Comodo Valkyrie Verdict', {'detected': True, 'result': 'phishing site'}]"
https://bit.ly/38XabTf#6905,"['Comodo Valkyrie Verdict', {'detected': True, 'result': 'phishing site'}]"
https://bit.ly/38XabTf#2030,"['Comodo Valkyrie Verdict', {'detected': True, 'result': 'phishing site'}]"
https://bit.ly/38XabTf#2367,"['Comodo Valkyrie Verdict', {'detected': True, 'result': 'phishing site'}]"
https://bit.ly/38XabTf#6270,"['Comodo Valkyrie Verdict', {'detected': True, 'result': 'phishing site'}]"
https://bit.ly/38XabTf#6431,"['Comodo Valkyrie Verdict', {'detected': True, 'result': 'phishing site'}]"
https://bit.ly/38XabTf#4543,"['Comodo Valkyrie Verdict', {'detected': True, 'result': 'phishing site'}]"
https://bit.ly/38XabTf#7251,"['Comodo Valkyrie Verdict', {'detected': True, 'result': 'phishing site'}]"
https://bit.ly/38XabTf#8302,"['Comodo Valkyrie Verdict', {'detected': True, 'result': 'phishing site'}]"
https://bit.ly/38XabTf#3723,"['Comodo Valkyrie Verdict', {'detected': True, 'result': 'phishing site'}]"
https://bit.ly/38XabTf#999,"['Comodo Valkyrie Verdict', {'detected': True, 'result': 'phishing site'}]"
https://bit.ly/38XabTf#6313,"['Comodo Valkyrie Verdict', {'detected': True, 'result': 'phishing site'}]"
https://bit.ly/38XabTf#740,"['Comodo Valkyrie Verdict', {'detected': True, 'result': 'phishing site'}]"
https://bit.ly/38XabTf#2196,"['Comodo Valkyrie Verdict', {'detected': True, 'result': 'phishing site'}]"
https://bit.ly/38XabTf#3902,"['Comodo Valkyrie Verdict', {'detected': True, 'result': 'phishing site'}]"
https://bit.ly/38XabTf#4484,"['Comodo Valkyrie Verdict', {'detected': True, 'result': 'phishing site'}]"
https://bit.ly/38XabTf#7133,"['Comodo Valkyrie Verdict', {'detected': True, 'result': 'phishing site'}]"
https://bit.ly/38XabTf#1474,"['Comodo Valkyrie Verdict', {'detected': True, 'result': 'phishing site'}]"
https://bit.ly/38XabTf#4207,"['Comodo Valkyrie Verdict', {'detected': True, 'result': 'phishing site'}]"
https://bit.ly/38XabTf#3234,"['Comodo Valkyrie Verdict', {'detected': True, 'result': 'phishing site'}]"
https://bit.ly/38XabTf#7549,"['Comodo Valkyrie Verdict', {'detected': True, 'result': 'phishing site'}]"
https://bit.ly/38XabTf#130,"['Comodo Valkyrie Verdict', {'detected': True, 'result': 'phishing site'}]"
https://bit.ly/38XabTf#7886,"['Comodo Valkyrie Verdict', {'detected': True, 'result': 'phishing site'}]"
https://bit.ly/38XabTf#2455,"['Comodo Valkyrie Verdict', {'detected': True, 'result': 'phishing site'}]"
https://bit.ly/38XabTf#2696,"['Comodo Valkyrie Verdict', {'detected': True, 'result': 'phishing site'}]"
https://bit.ly/38XabTf#6342,"['Comodo Valkyrie Verdict', {'detected': True, 'result': 'phishing site'}]"
https://bit.ly/38XabTf#5131,"['Comodo Valkyrie Verdict', {'detected': True, 'result': 'phishing site'}]"
https://bit.ly/38XabTf#4942,"['Comodo Valkyrie Verdict', {'detected': True, 'result': 'phishing site'}]"
https://bit.ly/38XabTf#2986,"['Comodo Valkyrie Verdict', {'detected': True, 'result': 'phishing site'}]"
https://feeds.feedburner.com/~ff/linuxquestions/latest?d=yIl2AUoC8zA,"['CMC Threat Intelligence', {'detected': True, 'result': 'phishing site'}]"
https://hex.com/,"['Heimdal Security', {'detected': True, 'result': 'malicious site'}]"
https://pulsechain.com/,"['Heimdal Security', {'detected': True, 'result': 'phishing site'}]"
https://www.wusatdevelopers.com/,"['Kaspersky', {'detected': True, 'result': 'phishing site'}, ['BitDefender', {'detected': True, 'result': 'malware site'}], ['CyRadar', {'detected': True, 'result': 'malicious site'}], ['Sophos', {'detected': True, 'result': 'malicious site'}], ['Netcraft', {'detected': True, 'result': 'malicious site'}], ['Fortinet', {'detected': True, 'result': 'phishing site'}]]"
https://bit.ly/38XabTf#488,"['Comodo Valkyrie Verdict', {'detected': True, 'result': 'phishing site'}]"
https://bit.ly/38XabTf#453,"['Comodo Valkyrie Verdict', {'detected': True, 'result': 'phishing site'}]"
https://bit.ly/38XabTf#5568,"['Comodo Valkyrie Verdict', {'detected': True, 'result': 'phishing site'}]"
https://bit.ly/38XabTf#4202,"['Comodo Valkyrie Verdict', {'detected': True, 'result': 'phishing site'}]"
https://bit.ly/38XabTf#917,"['Comodo Valkyrie Verdict', {'detected': True, 'result': 'phishing site'}]"
https://bit.ly/38XabTf#9775,"['Comodo Valkyrie Verdict', {'detected': True, 'result': 'phishing site'}]"
https://bit.ly/38XabTf#1576,"['Comodo Valkyrie Verdict', {'detected': True, 'result': 'phishing site'}]"
https://bit.ly/38XabTf#2033,"['Comodo Valkyrie Verdict', {'detected': True, 'result': 'phishing site'}]"
https://bit.ly/38XabTf#4743,"['Comodo Valkyrie Verdict', {'detected': True, 'result': 'phishing site'}]"
https://bit.ly/38XabTf#1773,"['Comodo Valkyrie Verdict', {'detected': True, 'result': 'phishing site'}]"
https://bit.ly/3ww3akf,"['Comodo Valkyrie Verdict', {'detected': True, 'result': 'phishing site'}, ['CRDF', {'detected': True, 'result': 'malicious site'}]]"
https://bit.ly/38XabTf#2462,"['Comodo Valkyrie Verdict', {'detected': True, 'result': 'phishing site'}]"
https://bit.ly/38XabTf#5004,"['Comodo Valkyrie Verdict', {'detected': True, 'result': 'phishing site'}]"
https://bit.ly/38XabTf#7003,"['Comodo Valkyrie Verdict', {'detected': True, 'result': 'phishing site'}]"
https://bit.ly/38XabTf#2954,"['Comodo Valkyrie Verdict', {'detected': True, 'result': 'phishing site'}]"
https://bit.ly/38XabTf#6112,"['Comodo Valkyrie Verdict', {'detected': True, 'result': 'phishing site'}]"
https://bit.ly/38XabTf#3020,"['Comodo Valkyrie Verdict', {'detected': True, 'result': 'phishing site'}]"
https://bit.ly/38XabTf#2798,"['Comodo Valkyrie Verdict', {'detected': True, 'result': 'phishing site'}]"
https://bit.ly/38XabTf#5112,"['Comodo Valkyrie Verdict', {'detected': True, 'result': 'phishing site'}]"
https://bit.ly/38XabTf#5504,"['Comodo Valkyrie Verdict', {'detected': True, 'result': 'phishing site'}]"
https://bit.ly/38XabTf#9969,"['Comodo Valkyrie Verdict', {'detected': True, 'result': 'phishing site'}]"
https://bit.ly/38XabTf#7944,"['Comodo Valkyrie Verdict', {'detected': True, 'result': 'phishing site'}]"
https://bit.ly/38XabTf#6764,"['Comodo Valkyrie Verdict', {'detected': True, 'result': 'phishing site'}]"
https://bit.ly/38XabTf#2674,"['Comodo Valkyrie Verdict', {'detected': True, 'result': 'phishing site'}]"
https://bit.ly/38XabTf#6338,"['Comodo Valkyrie Verdict', {'detected': True, 'result': 'phishing site'}]"
https://bit.ly/38XabTf#7290,"['Comodo Valkyrie Verdict', {'detected': True, 'result': 'phishing site'}]"
https://bit.ly/38XabTf#4453,"['Comodo Valkyrie Verdict', {'detected': True, 'result': 'phishing site'}]"
https://bit.ly/38XabTf#5717,"['Comodo Valkyrie Verdict', {'detected': True, 'result': 'phishing site'}]"
https://bit.ly/38XabTf#2591,"['Comodo Valkyrie Verdict', {'detected': True, 'result': 'phishing site'}]"
https://bit.ly/38XabTf#5637,"['Comodo Valkyrie Verdict', {'detected': True, 'result': 'phishing site'}]"
https://bit.ly/38XabTf#7842,"['Comodo Valkyrie Verdict', {'detected': True, 'result': 'phishing site'}]"
https://bit.ly/38XabTf#6256,"['Comodo Valkyrie Verdict', {'detected': True, 'result': 'phishing site'}]"
https://bit.ly/38XabTf#8347,"['Comodo Valkyrie Verdict', {'detected': True, 'result': 'phishing site'}]"
https://bit.ly/38XabTf#3533,"['Comodo Valkyrie Verdict', {'detected': True, 'result': 'phishing site'}]"
https://bit.ly/38XabTf#9640,"['Comodo Valkyrie Verdict', {'detected': True, 'result': 'phishing site'}]"
https://bit.ly/38XabTf#7294,"['Comodo Valkyrie Verdict', {'detected': True, 'result': 'phishing site'}]"
https://bit.ly/38XabTf#5508,"['Comodo Valkyrie Verdict', {'detected': True, 'result': 'phishing site'}]"
https://bit.ly/38XabTf#4982,"['Comodo Valkyrie Verdict', {'detected': True, 'result': 'phishing site'}]"
https://bit.ly/38XabTf#6541,"['Comodo Valkyrie Verdict', {'detected': True, 'result': 'phishing site'}]"
https://bit.ly/25FreeBTC,"['Comodo Valkyrie Verdict', {'detected': True, 'result': 'phishing site'}]"
https://bit.ly/38XabTf#4476,"['Comodo Valkyrie Verdict', {'detected': True, 'result': 'phishing site'}]"
https://bit.ly/38XabTf#3515,"['Comodo Valkyrie Verdict', {'detected': True, 'result': 'phishing site'}]"
https://bit.ly/38XabTf#9959,"['Comodo Valkyrie Verdict', {'detected': True, 'result': 'phishing site'}]"
https://bit.ly/38XabTf#6629,"['Comodo Valkyrie Verdict', {'detected': True, 'result': 'phishing site'}]"
https://bit.ly/3s4dqOC,"['Comodo Valkyrie Verdict', {'detected': True, 'result': 'phishing site'}, ['CRDF', {'detected': True, 'result': 'malicious site'}]]"
https://www.microsoft.com/pt-br/conecta/,"['Quttera', {'detected': True, 'result': 'malicious site'}]"
https://bit.ly/38XabTf#3359,"['Comodo Valkyrie Verdict', {'detected': True, 'result': 'phishing site'}]"
https://bit.ly/38XabTf#6560,"['Comodo Valkyrie Verdict', {'detected': True, 'result': 'phishing site'}]"
https://bit.ly/38XabTf#6462,"['Comodo Valkyrie Verdict', {'detected': True, 'result': 'phishing site'}]"
https://bit.ly/38XabTf#8438,"['Comodo Valkyrie Verdict', {'detected': True, 'result': 'phishing site'}]"
https://bit.ly/38XabTf#8163,"['Comodo Valkyrie Verdict', {'detected': True, 'result': 'phishing site'}]"
https://bit.ly/38XabTf#3063,"['Comodo Valkyrie Verdict', {'detected': True, 'result': 'phishing site'}]"
https://bit.ly/38XabTf#777,"['Comodo Valkyrie Verdict', {'detected': True, 'result': 'phishing site'}]"
https://bit.ly/38XabTf#6030,"['Comodo Valkyrie Verdict', {'detected': True, 'result': 'phishing site'}]"
https://bit.ly/38XabTf#8598,"['Comodo Valkyrie Verdict', {'detected': True, 'result': 'phishing site'}]"
https://bit.ly/38XabTf#4216,"['Comodo Valkyrie Verdict', {'detected': True, 'result': 'phishing site'}]"
https://bit.ly/38XabTf#4629,"['Comodo Valkyrie Verdict', {'detected': True, 'result': 'phishing site'}]"
https://bit.ly/38XabTf#1538,"['Comodo Valkyrie Verdict', {'detected': True, 'result': 'phishing site'}]"
https://bit.ly/38XabTf#4819,"['Comodo Valkyrie Verdict', {'detected': True, 'result': 'phishing site'}]"
https://bit.ly/38XabTf#7441,"['Comodo Valkyrie Verdict', {'detected': True, 'result': 'phishing site'}]"
https://bit.ly/38XabTf#8996,"['Comodo Valkyrie Verdict', {'detected': True, 'result': 'phishing site'}]"
https://bit.ly/38XabTf#8184,"['Comodo Valkyrie Verdict', {'detected': True, 'result': 'phishing site'}]"
https://bit.ly/38XabTf#5204,"['Comodo Valkyrie Verdict', {'detected': True, 'result': 'phishing site'}]"
https://bit.ly/38XabTf#525,"['Comodo Valkyrie Verdict', {'detected': True, 'result': 'phishing site'}]"
https://bit.ly/38XabTf#8519,"['Comodo Valkyrie Verdict', {'detected': True, 'result': 'phishing site'}]"
https://bit.ly/38XabTf#8721,"['Comodo Valkyrie Verdict', {'detected': True, 'result': 'phishing site'}]"
https://bit.ly/38XabTf#7059,"['Comodo Valkyrie Verdict', {'detected': True, 'result': 'phishing site'}]"
https://bit.ly/38XabTf#9410,"['Comodo Valkyrie Verdict', {'detected': True, 'result': 'phishing site'}]"
https://bit.ly/38XabTf#1222,"['Comodo Valkyrie Verdict', {'detected': True, 'result': 'phishing site'}]"
https://bit.ly/38XabTf#3932,"['Comodo Valkyrie Verdict', {'detected': True, 'result': 'phishing site'}]"
https://bit.ly/38XabTf#1931,"['Comodo Valkyrie Verdict', {'detected': True, 'result': 'phishing site'}]"
https://bit.ly/38XabTf#8693,"['Comodo Valkyrie Verdict', {'detected': True, 'result': 'phishing site'}]"
https://bit.ly/38XabTf#5339,"['Comodo Valkyrie Verdict', {'detected': True, 'result': 'phishing site'}]"
https://bit.ly/38XabTf#3516,"['Comodo Valkyrie Verdict', {'detected': True, 'result': 'phishing site'}]"
https://bit.ly/38XabTf#4499,"['Comodo Valkyrie Verdict', {'detected': True, 'result': 'phishing site'}]"
https://bit.ly/38XabTf#9426,"['Comodo Valkyrie Verdict', {'detected': True, 'result': 'phishing site'}]"
https://bit.ly/38XabTf#7227,"['Comodo Valkyrie Verdict', {'detected': True, 'result': 'phishing site'}]"
https://bit.ly/38XabTf#8023,"['Comodo Valkyrie Verdict', {'detected': True, 'result': 'phishing site'}]"
https://bit.ly/38XabTf#5912,"['Comodo Valkyrie Verdict', {'detected': True, 'result': 'phishing site'}]"
https://bit.ly/38XabTf#9802,"['Comodo Valkyrie Verdict', {'detected': True, 'result': 'phishing site'}]"
https://bit.ly/38XabTf#828,"['Comodo Valkyrie Verdict', {'detected': True, 'result': 'phishing site'}]"
https://bit.ly/38XabTf#8824,"['Comodo Valkyrie Verdict', {'detected': True, 'result': 'phishing site'}]"
https://bit.ly/38XabTf#1414,"['Comodo Valkyrie Verdict', {'detected': True, 'result': 'phishing site'}]"
https://bit.ly/38XabTf#2300,"['Comodo Valkyrie Verdict', {'detected': True, 'result': 'phishing site'}]"
https://bit.ly/38XabTf#6922,"['Comodo Valkyrie Verdict', {'detected': True, 'result': 'phishing site'}]"
https://bit.ly/38XabTf#8342,"['Comodo Valkyrie Verdict', {'detected': True, 'result': 'phishing site'}]"
https://bit.ly/38XabTf#6111,"['Comodo Valkyrie Verdict', {'detected': True, 'result': 'phishing site'}]"
https://bit.ly/38XabTf#3808,"['Comodo Valkyrie Verdict', {'detected': True, 'result': 'phishing site'}]"
https://bit.ly/38XabTf#8596,"['Comodo Valkyrie Verdict', {'detected': True, 'result': 'phishing site'}]"
https://linktr.ee/DARKMOON_HYBE,"['Comodo Valkyrie Verdict', {'detected': True, 'result': 'phishing site'}]"
https://s-wallet.ai/,"['PhishLabs', {'detected': True, 'result': 'phishing site'}]"
https://bit.ly/3QELtse,"['Comodo Valkyrie Verdict', {'detected': True, 'result': 'phishing site'}, ['CRDF', {'detected': True, 'result': 'malicious site'}]]"
https://bit.ly/3xX7c7d,"['CRDF', {'detected': True, 'result': 'malicious site'}]"
https://bit.ly/38XabTf#2755,"['Comodo Valkyrie Verdict', {'detected': True, 'result': 'phishing site'}]"
https://bit.ly/38XabTf#5344,"['Comodo Valkyrie Verdict', {'detected': True, 'result': 'phishing site'}]"
https://bit.ly/38XabTf#534,"['Comodo Valkyrie Verdict', {'detected': True, 'result': 'phishing site'}]"
https://bit.ly/38XabTf#9528,"['Comodo Valkyrie Verdict', {'detected': True, 'result': 'phishing site'}]"
https://bit.ly/38XabTf#7811,"['Comodo Valkyrie Verdict', {'detected': True, 'result': 'phishing site'}]"
https://bit.ly/38XabTf#9581,"['Comodo Valkyrie Verdict', {'detected': True, 'result': 'phishing site'}]"
https://bit.ly/38XabTf#3166,"['Comodo Valkyrie Verdict', {'detected': True, 'result': 'phishing site'}]"
https://bit.ly/38XabTf#897,"['Comodo Valkyrie Verdict', {'detected': True, 'result': 'phishing site'}]"
https://bit.ly/3rErajM,"['CRDF', {'detected': True, 'result': 'malicious site'}]"
https://bit.ly/38XabTf#2253,"['Comodo Valkyrie Verdict', {'detected': True, 'result': 'phishing site'}]"
https://bit.ly/38XabTf#9903,"['Comodo Valkyrie Verdict', {'detected': True, 'result': 'phishing site'}]"
https://bit.ly/3vAYaw0,"['CRDF', {'detected': True, 'result': 'malicious site'}]"
https://bit.ly/38XabTf#9171,"['Comodo Valkyrie Verdict', {'detected': True, 'result': 'phishing site'}]"
https://bit.ly/38XabTf#2942,"['Comodo Valkyrie Verdict', {'detected': True, 'result': 'phishing site'}]"
https://bit.ly/38XabTf#6568,"['Comodo Valkyrie Verdict', {'detected': True, 'result': 'phishing site'}]"
https://bit.ly/38XabTf#7239,"['Comodo Valkyrie Verdict', {'detected': True, 'result': 'phishing site'}]"
https://bit.ly/38XabTf#457,"['Comodo Valkyrie Verdict', {'detected': True, 'result': 'phishing site'}]"
https://bit.ly/38XabTf#3255,"['Comodo Valkyrie Verdict', {'detected': True, 'result': 'phishing site'}]"
https://bit.ly/3b5cSD6,"['CRDF', {'detected': True, 'result': 'malicious site'}]"
https://bit.ly/38XabTf#2770,"['Comodo Valkyrie Verdict', {'detected': True, 'result': 'phishing site'}]"
https://bit.ly/38XabTf#5866,"['Comodo Valkyrie Verdict', {'detected': True, 'result': 'phishing site'}]"
https://bit.ly/38XabTf#1708,"['Comodo Valkyrie Verdict', {'detected': True, 'result': 'phishing site'}]"
https://bit.ly/38XabTf#5012,"['Comodo Valkyrie Verdict', {'detected': True, 'result': 'phishing site'}]"
https://bit.ly/38XabTf#9698,"['Comodo Valkyrie Verdict', {'detected': True, 'result': 'phishing site'}]"
https://bit.ly/38XabTf#3502,"['Comodo Valkyrie Verdict', {'detected': True, 'result': 'phishing site'}]"
https://bit.ly/38XabTf#9524,"['Comodo Valkyrie Verdict', {'detected': True, 'result': 'phishing site'}]"
https://bit.ly/38XabTf#7517,"['Comodo Valkyrie Verdict', {'detected': True, 'result': 'phishing site'}]"
https://bit.ly/38XabTf#113,"['Comodo Valkyrie Verdict', {'detected': True, 'result': 'phishing site'}]"
https://bit.ly/3iegJzs,"['Comodo Valkyrie Verdict', {'detected': True, 'result': 'malware site'}]"
https://bit.ly/38XabTf#2487,"['Comodo Valkyrie Verdict', {'detected': True, 'result': 'phishing site'}]"
https://bit.ly/38XabTf#1392,"['Comodo Valkyrie Verdict', {'detected': True, 'result': 'phishing site'}]"
https://bit.ly/38XabTf#8182,"['Comodo Valkyrie Verdict', {'detected': True, 'result': 'phishing site'}]"
https://bit.ly/38XabTf#3689,"['Comodo Valkyrie Verdict', {'detected': True, 'result': 'phishing site'}]"
https://bit.ly/38XabTf#9584,"['Comodo Valkyrie Verdict', {'detected': True, 'result': 'phishing site'}]"
https://bit.ly/38XabTf#3950,"['Comodo Valkyrie Verdict', {'detected': True, 'result': 'phishing site'}]"
https://bit.ly/3s1roj7,"['CRDF', {'detected': True, 'result': 'malicious site'}]"
https://bit.ly/38XabTf#7787,"['Comodo Valkyrie Verdict', {'detected': True, 'result': 'phishing site'}]"
https://bit.ly/38XabTf#4848,"['Comodo Valkyrie Verdict', {'detected': True, 'result': 'phishing site'}]"
https://bit.ly/38XabTf#1351,"['Comodo Valkyrie Verdict', {'detected': True, 'result': 'phishing site'}]"
https://bit.ly/38XabTf#5695,"['Comodo Valkyrie Verdict', {'detected': True, 'result': 'phishing site'}]"
https://bit.ly/38XabTf#4137,"['Comodo Valkyrie Verdict', {'detected': True, 'result': 'phishing site'}]"
https://bit.ly/38XabTf#1428,"['Comodo Valkyrie Verdict', {'detected': True, 'result': 'phishing site'}]"
https://bit.ly/33opqCl,"['Comodo Valkyrie Verdict', {'detected': True, 'result': 'malware site'}, ['CRDF', {'detected': True, 'result': 'malicious site'}]]"
https://bit.ly/38XabTf#3048,"['Comodo Valkyrie Verdict', {'detected': True, 'result': 'phishing site'}]"
https://bit.ly/38XabTf#8029,"['Comodo Valkyrie Verdict', {'detected': True, 'result': 'phishing site'}]"
https://bit.ly/38XabTf#695,"['Comodo Valkyrie Verdict', {'detected': True, 'result': 'phishing site'}]"
https://bit.ly/38XabTf#2477,"['Comodo Valkyrie Verdict', {'detected': True, 'result': 'phishing site'}]"
https://bit.ly/3QpVQjo,"['Comodo Valkyrie Verdict', {'detected': True, 'result': 'phishing site'}, ['CRDF', {'detected': True, 'result': 'malicious site'}]]"
https://bit.ly/38XabTf#6865,"['Comodo Valkyrie Verdict', {'detected': True, 'result': 'phishing site'}]"
https://bit.ly/38XabTf#6290,"['Comodo Valkyrie Verdict', {'detected': True, 'result': 'phishing site'}]"
https://bit.ly/38XabTf#4908,"['Comodo Valkyrie Verdict', {'detected': True, 'result': 'phishing site'}]"
https://bit.ly/32de4wH,"['Comodo Valkyrie Verdict', {'detected': True, 'result': 'phishing site'}]"
https://bit.ly/38XabTf#4116,"['Comodo Valkyrie Verdict', {'detected': True, 'result': 'phishing site'}]"
https://bit.ly/38XabTf#4700,"['Comodo Valkyrie Verdict', {'detected': True, 'result': 'phishing site'}]"
https://bit.ly/38XabTf#5645,"['Comodo Valkyrie Verdict', {'detected': True, 'result': 'phishing site'}]"
https://t.co/…,"['CMC Threat Intelligence', {'detected': True, 'result': 'malicious site'}]"
https://bit.ly/3OqJOEJ,"['Comodo Valkyrie Verdict', {'detected': True, 'result': 'phishing site'}, ['CRDF', {'detected': True, 'result': 'malicious site'}]]"
https://bit.ly/38XabTf#5274,"['Comodo Valkyrie Verdict', {'detected': True, 'result': 'phishing site'}]"
https://bit.ly/3sYzxqU,"['Comodo Valkyrie Verdict', {'detected': True, 'result': 'phishing site'}, ['CRDF', {'detected': True, 'result': 'malicious site'}]]"
https://bit.ly/38XabTf#5753,"['Comodo Valkyrie Verdict', {'detected': True, 'result': 'phishing site'}]"
https://bit.ly/38XabTf#9367,"['Comodo Valkyrie Verdict', {'detected': True, 'result': 'phishing site'}]"
https://bit.ly/38XabTf#4231,"['Comodo Valkyrie Verdict', {'detected': True, 'result': 'phishing site'}]"
https://bit.ly/38XabTf#961,"['Comodo Valkyrie Verdict', {'detected': True, 'result': 'phishing site'}]"
https://bit.ly/38XabTf#9196,"['Comodo Valkyrie Verdict', {'detected': True, 'result': 'phishing site'}]"
https://bit.ly/38XabTf#9753,"['Comodo Valkyrie Verdict', {'detected': True, 'result': 'phishing site'}]"
https://bit.ly/38XabTf#9856,"['Comodo Valkyrie Verdict', {'detected': True, 'result': 'phishing site'}]"
https://bit.ly/38XabTf#2440,"['Comodo Valkyrie Verdict', {'detected': True, 'result': 'phishing site'}]"
https://bit.ly/38XabTf#1294,"['Comodo Valkyrie Verdict', {'detected': True, 'result': 'phishing site'}]"
https://bit.ly/38XabTf#5403,"['Comodo Valkyrie Verdict', {'detected': True, 'result': 'phishing site'}]"
https://bit.ly/38XabTf#4972,"['Comodo Valkyrie Verdict', {'detected': True, 'result': 'phishing site'}]"
https://bit.ly/38XabTf#5282,"['Comodo Valkyrie Verdict', {'detected': True, 'result': 'phishing site'}]"
https://bit.ly/38XabTf#1756,"['Comodo Valkyrie Verdict', {'detected': True, 'result': 'phishing site'}]"
https://bit.ly/38XabTf#8685,"['Comodo Valkyrie Verdict', {'detected': True, 'result': 'phishing site'}]"
https://bit.ly/38XabTf#6498,"['Comodo Valkyrie Verdict', {'detected': True, 'result': 'phishing site'}]"
https://bit.ly/38XabTf#6103,"['Comodo Valkyrie Verdict', {'detected': True, 'result': 'phishing site'}]"
https://bit.ly/38XabTf#7345,"['Comodo Valkyrie Verdict', {'detected': True, 'result': 'phishing site'}]"
https://bit.ly/38XabTf#8546,"['Comodo Valkyrie Verdict', {'detected': True, 'result': 'phishing site'}]"
https://bit.ly/38XabTf#5341,"['Comodo Valkyrie Verdict', {'detected': True, 'result': 'phishing site'}]"
https://bit.ly/38XabTf#5061,"['Comodo Valkyrie Verdict', {'detected': True, 'result': 'phishing site'}]"
https://bit.ly/38XabTf#6348,"['Comodo Valkyrie Verdict', {'detected': True, 'result': 'phishing site'}]"
https://bit.ly/38XabTf#9208,"['Comodo Valkyrie Verdict', {'detected': True, 'result': 'phishing site'}]"
https://bit.ly/38XabTf#2560,"['Comodo Valkyrie Verdict', {'detected': True, 'result': 'phishing site'}]"
https://bit.ly/38XabTf#1916,"['Comodo Valkyrie Verdict', {'detected': True, 'result': 'phishing site'}]"
https://bit.ly/38XabTf#2922,"['Comodo Valkyrie Verdict', {'detected': True, 'result': 'phishing site'}]"
https://bit.ly/38XabTf#5992,"['Comodo Valkyrie Verdict', {'detected': True, 'result': 'phishing site'}]"
https://bit.ly/38XabTf#8927,"['Comodo Valkyrie Verdict', {'detected': True, 'result': 'phishing site'}]"
https://bit.ly/38XabTf#3674,"['Comodo Valkyrie Verdict', {'detected': True, 'result': 'phishing site'}]"
https://bit.ly/38KUegJ,"['Comodo Valkyrie Verdict', {'detected': True, 'result': 'malware site'}]"
https://bit.ly/38XabTf#3855,"['Comodo Valkyrie Verdict', {'detected': True, 'result': 'phishing site'}]"
https://bit.ly/38XabTf#4552,"['Comodo Valkyrie Verdict', {'detected': True, 'result': 'phishing site'}]"
https://bit.ly/38XabTf#6367,"['Comodo Valkyrie Verdict', {'detected': True, 'result': 'phishing site'}]"
https://bit.ly/38XabTf#1688,"['Comodo Valkyrie Verdict', {'detected': True, 'result': 'phishing site'}]"
https://bit.ly/38XabTf#3011,"['Comodo Valkyrie Verdict', {'detected': True, 'result': 'phishing site'}]"
https://bit.ly/38XabTf#2311,"['Comodo Valkyrie Verdict', {'detected': True, 'result': 'phishing site'}]"
https://bit.ly/38XabTf#7921,"['Comodo Valkyrie Verdict', {'detected': True, 'result': 'phishing site'}]"
https://bit.ly/38XabTf#1997,"['Comodo Valkyrie Verdict', {'detected': True, 'result': 'phishing site'}]"
https://bit.ly/38XabTf#9058,"['Comodo Valkyrie Verdict', {'detected': True, 'result': 'phishing site'}]"
https://bit.ly/38XabTf#3887,"['Comodo Valkyrie Verdict', {'detected': True, 'result': 'phishing site'}]"
https://bit.ly/38XabTf#5036,"['Comodo Valkyrie Verdict', {'detected': True, 'result': 'phishing site'}]"
https://bit.ly/38XabTf#2383,"['Comodo Valkyrie Verdict', {'detected': True, 'result': 'phishing site'}]"
https://bit.ly/3GMsY0k,"['CRDF', {'detected': True, 'result': 'malicious site'}]"
https://bit.ly/38XabTf#181,"['Comodo Valkyrie Verdict', {'detected': True, 'result': 'phishing site'}]"
https://bit.ly/38XabTf#6697,"['Comodo Valkyrie Verdict', {'detected': True, 'result': 'phishing site'}]"
https://bit.ly/38XabTf#6457,"['Comodo Valkyrie Verdict', {'detected': True, 'result': 'phishing site'}]"
https://bit.ly/38XabTf#9301,"['Comodo Valkyrie Verdict', {'detected': True, 'result': 'phishing site'}]"
https://bit.ly/38XabTf#4399,"['Comodo Valkyrie Verdict', {'detected': True, 'result': 'phishing site'}]"
https://bit.ly/GM-LL-GVM,"['Comodo Valkyrie Verdict', {'detected': True, 'result': 'phishing site'}, ['CRDF', {'detected': True, 'result': 'malicious site'}]]"
https://bit.ly/38XabTf#7936,"['Comodo Valkyrie Verdict', {'detected': True, 'result': 'phishing site'}]"
https://bit.ly/38XabTf#9981,"['Comodo Valkyrie Verdict', {'detected': True, 'result': 'phishing site'}]"
https://bit.ly/3wZQVeo,"['Comodo Valkyrie Verdict', {'detected': True, 'result': 'malware site'}]"
https://bit.ly/38XabTf#8737,"['Comodo Valkyrie Verdict', {'detected': True, 'result': 'phishing site'}]"
https://bit.ly/3n77fHu,"['Comodo Valkyrie Verdict', {'detected': True, 'result': 'phishing site'}, ['CRDF', {'detected': True, 'result': 'malicious site'}]]"
https://bit.ly/38XabTf#6232,"['Comodo Valkyrie Verdict', {'detected': True, 'result': 'phishing site'}]"
https://bit.ly/38XabTf#7063,"['Comodo Valkyrie Verdict', {'detected': True, 'result': 'phishing site'}]"
https://bit.ly/38XabTf#3337,"['Comodo Valkyrie Verdict', {'detected': True, 'result': 'phishing site'}]"
https://bit.ly/38XabTf#2613,"['Comodo Valkyrie Verdict', {'detected': True, 'result': 'phishing site'}]"
https://bit.ly/38XabTf#8827,"['Comodo Valkyrie Verdict', {'detected': True, 'result': 'phishing site'}]"
https://bit.ly/38XabTf#6029,"['Comodo Valkyrie Verdict', {'detected': True, 'result': 'phishing site'}]"
https://bit.ly/38XabTf#9558,"['Comodo Valkyrie Verdict', {'detected': True, 'result': 'phishing site'}]"
https://bit.ly/38XabTf#5933,"['Comodo Valkyrie Verdict', {'detected': True, 'result': 'phishing site'}]"
https://bit.ly/38XabTf#6632,"['Comodo Valkyrie Verdict', {'detected': True, 'result': 'phishing site'}]"
https://bit.ly/38XabTf#2657,"['Comodo Valkyrie Verdict', {'detected': True, 'result': 'phishing site'}]"
https://bit.ly/3472Iia,"['Comodo Valkyrie Verdict', {'detected': True, 'result': 'malware site'}, ['CRDF', {'detected': True, 'result': 'malicious site'}]]"
https://bit.ly/38XabTf#9245,"['Comodo Valkyrie Verdict', {'detected': True, 'result': 'phishing site'}]"
https://bit.ly/38XabTf#7136,"['Comodo Valkyrie Verdict', {'detected': True, 'result': 'phishing site'}]"
https://bit.ly/38XabTf#1212,"['Comodo Valkyrie Verdict', {'detected': True, 'result': 'phishing site'}]"
https://bit.ly/38XabTf#7875,"['Comodo Valkyrie Verdict', {'detected': True, 'result': 'phishing site'}]"
https://bit.ly/3NoFYuZ,"['Comodo Valkyrie Verdict', {'detected': True, 'result': 'phishing site'}, ['CRDF', {'detected': True, 'result': 'malicious site'}]]"
https://bit.ly/38XabTf#8844,"['Comodo Valkyrie Verdict', {'detected': True, 'result': 'phishing site'}]"
https://bit.ly/3Bv4q9l,"['Comodo Valkyrie Verdict', {'detected': True, 'result': 'phishing site'}, ['CRDF', {'detected': True, 'result': 'malicious site'}]]"
https://bit.ly/3N9VfiU,"['CRDF', {'detected': True, 'result': 'malicious site'}]"
https://bit.ly/35r4kPb,"['Comodo Valkyrie Verdict', {'detected': True, 'result': 'malware site'}]"
https://bit.ly/3AoRlxy,"['Comodo Valkyrie Verdict', {'detected': True, 'result': 'malware site'}, ['CRDF', {'detected': True, 'result': 'malicious site'}]]"
https://bit.ly/3ivwdgn,"['Comodo Valkyrie Verdict', {'detected': True, 'result': 'phishing site'}, ['CRDF', {'detected': True, 'result': 'malicious site'}]]"
https://bit.ly/38XabTf#3558,"['Comodo Valkyrie Verdict', {'detected': True, 'result': 'phishing site'}]"
https://bit.ly/38XabTf#7203,"['Comodo Valkyrie Verdict', {'detected': True, 'result': 'phishing site'}]"
https://bit.ly/3xJ6Hwq,"['Comodo Valkyrie Verdict', {'detected': True, 'result': 'phishing site'}, ['CRDF', {'detected': True, 'result': 'malicious site'}]]"
https://bit.ly/38XabTf#8270,"['Comodo Valkyrie Verdict', {'detected': True, 'result': 'phishing site'}]"
https://bit.ly/3A8JEht,"['Comodo Valkyrie Verdict', {'detected': True, 'result': 'phishing site'}, ['CRDF', {'detected': True, 'result': 'malicious site'}]]"
https://bit.ly/38XabTf#6265,"['Comodo Valkyrie Verdict', {'detected': True, 'result': 'phishing site'}]"
https://bit.ly/38XabTf#601,"['Comodo Valkyrie Verdict', {'detected': True, 'result': 'phishing site'}]"
https://bit.ly/TechT17,"['Comodo Valkyrie Verdict', {'detected': True, 'result': 'phishing site'}, ['CRDF', {'detected': True, 'result': 'malicious site'}]]"
https://bit.ly/38XabTf#7222,"['Comodo Valkyrie Verdict', {'detected': True, 'result': 'phishing site'}]"
https://bit.ly/CliniTouch_Vie,"['Comodo Valkyrie Verdict', {'detected': True, 'result': 'phishing site'}, ['CRDF', {'detected': True, 'result': 'malicious site'}]]"
https://bit.ly/38XabTf#2258,"['Comodo Valkyrie Verdict', {'detected': True, 'result': 'phishing site'}]"
https://bit.ly/38XabTf#2996,"['Comodo Valkyrie Verdict', {'detected': True, 'result': 'phishing site'}]"
https://bit.ly/38XabTf#2736,"['Comodo Valkyrie Verdict', {'detected': True, 'result': 'phishing site'}]"
https://bit.ly/38XabTf#3058,"['Comodo Valkyrie Verdict', {'detected': True, 'result': 'phishing site'}]"
https://bit.ly/38XabTf#9427,"['Comodo Valkyrie Verdict', {'detected': True, 'result': 'phishing site'}]"
https://bit.ly/38XabTf#9249,"['Comodo Valkyrie Verdict', {'detected': True, 'result': 'phishing site'}]"
https://bit.ly/30NTOEB,"['Comodo Valkyrie Verdict', {'detected': True, 'result': 'malware site'}, ['CRDF', {'detected': True, 'result': 'malicious site'}]]"
https://bit.ly/38XabTf#1177,"['Comodo Valkyrie Verdict', {'detected': True, 'result': 'phishing site'}]"
https://bit.ly/38XabTf#1094,"['Comodo Valkyrie Verdict', {'detected': True, 'result': 'phishing site'}]"
https://bit.ly/38XabTf#1964,"['Comodo Valkyrie Verdict', {'detected': True, 'result': 'phishing site'}]"
https://bit.ly/3MHPOHJ,"['Comodo Valkyrie Verdict', {'detected': True, 'result': 'phishing site'}, ['CRDF', {'detected': True, 'result': 'malicious site'}]]"
https://withings.com/,"['CRDF', {'detected': True, 'result': 'malicious site'}]"
https://www.wibwnewsnow.com/sports-talk-on-demand/,"['Fortinet', {'detected': True, 'result': 'malware site'}]"
https://bit.ly/TruthPetitionPH,"['CRDF', {'detected': True, 'result': 'malicious site'}]"
https://www.dodmwrlibraries.org/,"['BitDefender', {'detected': True, 'result': 'malware site'}, ['G-Data', {'detected': True, 'result': 'malware site'}]]"
https://bit.ly/38XabTf#4531,"['Comodo Valkyrie Verdict', {'detected': True, 'result': 'phishing site'}]"
https://bit.ly/38XabTf#5252,"['Comodo Valkyrie Verdict', {'detected': True, 'result': 'phishing site'}]"
https://bit.ly/38XabTf#5345,"['Comodo Valkyrie Verdict', {'detected': True, 'result': 'phishing site'}]"
https://b.sc/,"['Forcepoint ThreatSeeker', {'detected': True, 'result': 'malicious site'}]"
https://bit.ly/Support-A-Blind-Girl-Ritu,"['Comodo Valkyrie Verdict', {'detected': True, 'result': 'phishing site'}]"
https://bit.ly/UltimateRunnersGiveaway,"['Comodo Valkyrie Verdict', {'detected': True, 'result': 'phishing site'}, ['CRDF', {'detected': True, 'result': 'malicious site'}]]"
https://bit.ly/383LrEU,"['Comodo Valkyrie Verdict', {'detected': True, 'result': 'malware site'}]"
https://bit.ly/38XabTf#613,"['Comodo Valkyrie Verdict', {'detected': True, 'result': 'phishing site'}]"
https://bit.ly/38XabTf#4443,"['Comodo Valkyrie Verdict', {'detected': True, 'result': 'phishing site'}]"
https://bit.ly/38XabTf#6495,"['Comodo Valkyrie Verdict', {'detected': True, 'result': 'phishing site'}]"
https://bit.ly/38XabTf#1913,"['Comodo Valkyrie Verdict', {'detected': True, 'result': 'phishing site'}]"
https://bit.ly/38XabTf#5880,"['Comodo Valkyrie Verdict', {'detected': True, 'result': 'phishing site'}]"
https://bit.ly/38XabTf#1731,"['Comodo Valkyrie Verdict', {'detected': True, 'result': 'phishing site'}]"
https://bit.ly/38XabTf#6912,"['Comodo Valkyrie Verdict', {'detected': True, 'result': 'phishing site'}]"
https://bit.ly/38XabTf#800,"['Comodo Valkyrie Verdict', {'detected': True, 'result': 'phishing site'}]"
https://bit.ly/3pPDeyB,"['Comodo Valkyrie Verdict', {'detected': True, 'result': 'malware site'}, ['CRDF', {'detected': True, 'result': 'malicious site'}]]"
https://bit.ly/2wKCC1f,"['Comodo Valkyrie Verdict', {'detected': True, 'result': 'malware site'}, ['CRDF', {'detected': True, 'result': 'malicious site'}]]"
https://bit.ly/3yFJygv,"['Comodo Valkyrie Verdict', {'detected': True, 'result': 'phishing site'}, ['CRDF', {'detected': True, 'result': 'malicious site'}]]"
https://bit.ly/listenMKLab,"['Comodo Valkyrie Verdict', {'detected': True, 'result': 'malware site'}, ['CRDF', {'detected': True, 'result': 'malicious site'}]]"
https://bit.ly/HLcaptions,"['Comodo Valkyrie Verdict', {'detected': True, 'result': 'phishing site'}, ['CRDF', {'detected': True, 'result': 'malicious site'}]]"
https://bit.ly/3lzxs0t,"['CRDF', {'detected': True, 'result': 'malicious site'}]"
https://bit.ly/38XabTf#1974,"['Comodo Valkyrie Verdict', {'detected': True, 'result': 'phishing site'}]"
https://bit.ly/38XabTf#6104,"['Comodo Valkyrie Verdict', {'detected': True, 'result': 'phishing site'}]"
https://bit.ly/38XabTf#2304,"['Comodo Valkyrie Verdict', {'detected': True, 'result': 'phishing site'}]"
https://bit.ly/38XabTf#9710,"['Comodo Valkyrie Verdict', {'detected': True, 'result': 'phishing site'}]"
https://bit.ly/38XabTf#160,"['Comodo Valkyrie Verdict', {'detected': True, 'result': 'phishing site'}]"
https://bit.ly/38XabTf#5569,"['Comodo Valkyrie Verdict', {'detected': True, 'result': 'phishing site'}]"
https://bit.ly/38XabTf#5735,"['Comodo Valkyrie Verdict', {'detected': True, 'result': 'phishing site'}]"
https://bit.ly/38XabTf#1869,"['Comodo Valkyrie Verdict', {'detected': True, 'result': 'phishing site'}]"
https://bit.ly/38XabTf#3499,"['Comodo Valkyrie Verdict', {'detected': True, 'result': 'phishing site'}]"
https://bit.ly/38XabTf#3259,"['Comodo Valkyrie Verdict', {'detected': True, 'result': 'phishing site'}]"
https://bit.ly/38XabTf#4366,"['Comodo Valkyrie Verdict', {'detected': True, 'result': 'phishing site'}]"
https://bit.ly/38XabTf#5329,"['Comodo Valkyrie Verdict', {'detected': True, 'result': 'phishing site'}]"
https://bit.ly/38XabTf#6464,"['Comodo Valkyrie Verdict', {'detected': True, 'result': 'phishing site'}]"
https://bit.ly/38XabTf#8392,"['Comodo Valkyrie Verdict', {'detected': True, 'result': 'phishing site'}]"
https://bit.ly/38XabTf#8724,"['Comodo Valkyrie Verdict', {'detected': True, 'result': 'phishing site'}]"
https://bit.ly/38XabTf#2026,"['Comodo Valkyrie Verdict', {'detected': True, 'result': 'phishing site'}]"
https://bit.ly/38XabTf#8592,"['Comodo Valkyrie Verdict', {'detected': True, 'result': 'phishing site'}]"
https://bit.ly/38XabTf#4996,"['Comodo Valkyrie Verdict', {'detected': True, 'result': 'phishing site'}]"
https://bit.ly/38XabTf#561,"['Comodo Valkyrie Verdict', {'detected': True, 'result': 'phishing site'}]"
https://bit.ly/38XabTf#9878,"['Comodo Valkyrie Verdict', {'detected': True, 'result': 'phishing site'}]"
https://bit.ly/38XabTf#2652,"['Comodo Valkyrie Verdict', {'detected': True, 'result': 'phishing site'}]"
https://bit.ly/38XabTf#7569,"['Comodo Valkyrie Verdict', {'detected': True, 'result': 'phishing site'}]"
https://bit.ly/38XabTf#3028,"['Comodo Valkyrie Verdict', {'detected': True, 'result': 'phishing site'}]"
https://bit.ly/38XabTf#5505,"['Comodo Valkyrie Verdict', {'detected': True, 'result': 'phishing site'}]"
https://bit.ly/38XabTf#7764,"['Comodo Valkyrie Verdict', {'detected': True, 'result': 'phishing site'}]"
https://bit.ly/38XabTf#4751,"['Comodo Valkyrie Verdict', {'detected': True, 'result': 'phishing site'}]"
https://bit.ly/38XabTf#8571,"['Comodo Valkyrie Verdict', {'detected': True, 'result': 'phishing site'}]"
https://bit.ly/38XabTf#9853,"['Comodo Valkyrie Verdict', {'detected': True, 'result': 'phishing site'}]"
https://bit.ly/38XabTf#3701,"['Comodo Valkyrie Verdict', {'detected': True, 'result': 'phishing site'}]"
https://bit.ly/38XabTf#894,"['Comodo Valkyrie Verdict', {'detected': True, 'result': 'phishing site'}]"
https://bit.ly/38XabTf#2678,"['Comodo Valkyrie Verdict', {'detected': True, 'result': 'phishing site'}]"
https://bit.ly/38XabTf#8913,"['Comodo Valkyrie Verdict', {'detected': True, 'result': 'phishing site'}]"
https://bit.ly/38XabTf#7411,"['Comodo Valkyrie Verdict', {'detected': True, 'result': 'phishing site'}]"
https://bit.ly/38XabTf#6291,"['Comodo Valkyrie Verdict', {'detected': True, 'result': 'phishing site'}]"
https://bit.ly/38XabTf#4402,"['Comodo Valkyrie Verdict', {'detected': True, 'result': 'phishing site'}]"
https://bit.ly/38XabTf#7605,"['Comodo Valkyrie Verdict', {'detected': True, 'result': 'phishing site'}]"
https://bit.ly/38XabTf#7454,"['Comodo Valkyrie Verdict', {'detected': True, 'result': 'phishing site'}]"
https://bit.ly/38XabTf#6714,"['Comodo Valkyrie Verdict', {'detected': True, 'result': 'phishing site'}]"
https://bit.ly/38XabTf#8128,"['Comodo Valkyrie Verdict', {'detected': True, 'result': 'phishing site'}]"
https://bit.ly/38XabTf#4627,"['Comodo Valkyrie Verdict', {'detected': True, 'result': 'phishing site'}]"
https://bit.ly/38XabTf#675,"['Comodo Valkyrie Verdict', {'detected': True, 'result': 'phishing site'}]"
https://bit.ly/38XabTf#2271,"['Comodo Valkyrie Verdict', {'detected': True, 'result': 'phishing site'}]"
https://bit.ly/38XabTf#3650,"['Comodo Valkyrie Verdict', {'detected': True, 'result': 'phishing site'}]"
https://bit.ly/38XabTf#2078,"['Comodo Valkyrie Verdict', {'detected': True, 'result': 'phishing site'}]"
https://bit.ly/38XabTf#1908,"['Comodo Valkyrie Verdict', {'detected': True, 'result': 'phishing site'}]"
https://bit.ly/38XabTf#6071,"['Comodo Valkyrie Verdict', {'detected': True, 'result': 'phishing site'}]"
https://bit.ly/38XabTf#9791,"['Comodo Valkyrie Verdict', {'detected': True, 'result': 'phishing site'}]"
https://bit.ly/38XabTf#2220,"['Comodo Valkyrie Verdict', {'detected': True, 'result': 'phishing site'}]"
https://bit.ly/38XabTf#2429,"['Comodo Valkyrie Verdict', {'detected': True, 'result': 'phishing site'}]"
https://bit.ly/38XabTf#238,"['Comodo Valkyrie Verdict', {'detected': True, 'result': 'phishing site'}]"
https://bit.ly/38XabTf#5215,"['Comodo Valkyrie Verdict', {'detected': True, 'result': 'phishing site'}]"
https://bit.ly/38XabTf#2606,"['Comodo Valkyrie Verdict', {'detected': True, 'result': 'phishing site'}]"
https://bit.ly/38XabTf#5664,"['Comodo Valkyrie Verdict', {'detected': True, 'result': 'phishing site'}]"
https://bit.ly/38XabTf#7070,"['Comodo Valkyrie Verdict', {'detected': True, 'result': 'phishing site'}]"
https://bit.ly/38XabTf#6610,"['Comodo Valkyrie Verdict', {'detected': True, 'result': 'phishing site'}]"
https://bit.ly/38XabTf#2474,"['Comodo Valkyrie Verdict', {'detected': True, 'result': 'phishing site'}]"
https://bit.ly/38XabTf#6584,"['Comodo Valkyrie Verdict', {'detected': True, 'result': 'phishing site'}]"
https://bit.ly/38XabTf#7665,"['Comodo Valkyrie Verdict', {'detected': True, 'result': 'phishing site'}]"
https://bit.ly/38XabTf#5314,"['Comodo Valkyrie Verdict', {'detected': True, 'result': 'phishing site'}]"
https://bit.ly/38XabTf#2282,"['Comodo Valkyrie Verdict', {'detected': True, 'result': 'phishing site'}]"
https://bit.ly/38XabTf#2119,"['Comodo Valkyrie Verdict', {'detected': True, 'result': 'phishing site'}]"
https://bit.ly/38XabTf#6558,"['Comodo Valkyrie Verdict', {'detected': True, 'result': 'phishing site'}]"
https://bit.ly/38XabTf#3972,"['Comodo Valkyrie Verdict', {'detected': True, 'result': 'phishing site'}]"
https://bit.ly/38XabTf#1735,"['Comodo Valkyrie Verdict', {'detected': True, 'result': 'phishing site'}]"
https://bit.ly/38XabTf#9843,"['Comodo Valkyrie Verdict', {'detected': True, 'result': 'phishing site'}]"
https://bit.ly/38XabTf#9059,"['Comodo Valkyrie Verdict', {'detected': True, 'result': 'phishing site'}]"
https://bit.ly/38XabTf#911,"['Comodo Valkyrie Verdict', {'detected': True, 'result': 'phishing site'}]"
https://bit.ly/38XabTf#7050,"['Comodo Valkyrie Verdict', {'detected': True, 'result': 'phishing site'}]"
https://bit.ly/38XabTf#2960,"['Comodo Valkyrie Verdict', {'detected': True, 'result': 'phishing site'}]"
https://bit.ly/38XabTf#2531,"['Comodo Valkyrie Verdict', {'detected': True, 'result': 'phishing site'}]"
https://bit.ly/38XabTf#7323,"['Comodo Valkyrie Verdict', {'detected': True, 'result': 'phishing site'}]"
https://bit.ly/3rWftnE,"['Comodo Valkyrie Verdict', {'detected': True, 'result': 'phishing site'}, ['CRDF', {'detected': True, 'result': 'malicious site'}]]"
https://bit.ly/38XabTf#255,"['Comodo Valkyrie Verdict', {'detected': True, 'result': 'phishing site'}]"
https://bit.ly/38XabTf#1988,"['Comodo Valkyrie Verdict', {'detected': True, 'result': 'phishing site'}]"
https://bit.ly/38XabTf#2133,"['Comodo Valkyrie Verdict', {'detected': True, 'result': 'phishing site'}]"
https://bit.ly/38XabTf#422,"['Comodo Valkyrie Verdict', {'detected': True, 'result': 'phishing site'}]"
https://bit.ly/38XabTf#8719,"['Comodo Valkyrie Verdict', {'detected': True, 'result': 'phishing site'}]"
https://bit.ly/38XabTf#9314,"['Comodo Valkyrie Verdict', {'detected': True, 'result': 'phishing site'}]"
https://bit.ly/38XabTf#2276,"['Comodo Valkyrie Verdict', {'detected': True, 'result': 'phishing site'}]"
https://bit.ly/38XabTf#8257,"['Comodo Valkyrie Verdict', {'detected': True, 'result': 'phishing site'}]"
https://bit.ly/38XabTf#1142,"['Comodo Valkyrie Verdict', {'detected': True, 'result': 'phishing site'}]"
https://bit.ly/38XabTf#6607,"['Comodo Valkyrie Verdict', {'detected': True, 'result': 'phishing site'}]"
https://bit.ly/38XabTf#3853,"['Comodo Valkyrie Verdict', {'detected': True, 'result': 'phishing site'}]"
