,Report_Urls
0,https://bit.ly/37VSF1m
1,https://picturesrch.com
2,https://bit.ly/39ahncj
3,https://www.helpnetsecurity.com/2022/05/02/android-13-bugs-bounty/
4,https://magzoofertas.com/
5,https://bit.ly/3Fgl1jm
6,http://secure-confirm.com
7,https://bigsixsempredoseulado.online
8,https://novo-protocoloco-de-atendimento-no-pc.netempresamo.com/atendimentonopc/netempresa/
9,https://netempresas62.com/
10,http://gegnuvilma.temp.swtest.ru/
11,https://www.pleefax.com/
12,http://suncorp-secure.com/usermgmt/
13,https://www.mqw1mq.cyou
14,https://www.dhxiyou.buzz
15,https://www.emailmarkting.org
16,https://bit.ly/3OSqoJF
17,https://bit.ly/3qU72cK
18,https://netstation2-aplus-co-jp.fjzzq.com
19,https://netstation2-aplus-co-jp.fyqcdh.com
20,https://netstation2-aplus-co-jp.palao83.com
21,https://netstation2-aplus-co-jp.ibyxu.com
22,https://netstation2-aplus-co-jp.fanypme.com
23,https://mognbliiegnsfaogasegasfdhjas.xyz
24,https://moblienggoiweugwahgasjgowhgu.xyz
25,https://bfdbfb.t1tr0zd6.cn
26,https://rgwes.4xny0d26.cn
27,https://bit.ly/3HeJ5m2
28,https://bvfds.q0m7xbwp.cn
29,https://vcxasf.xqckft8t2.cn
30,https://wqerf.j2rdwuze.cn
31,https://bfdng.q0tr8uwhn.cn
32,https://pukjh.5b1ui1vm.cn
33,https://bfdgbg.zq34z04p.cn
34,https://thyred.vpu4z1hi.cn
35,https://bvfcdx.wcakgjbve.cn
36,https://bfdbn.c07h9uhk.cn
37,https://rgdbf.ibw6oi0g.cn
38,https://bvfdasf.mcn50epbd.cn
39,https://jtrffds.twyl7oj0.cn
40,https://gvfdsg.7l3fq6bnq.cn
41,https://gbvfdsg.lfg1rd2b.cn
42,https://dgdscs.u0k0daxy.cn
43,https://fdgds.iql7u9mt.cn
44,https://yjfdgs.0deovsg3.cn
45,https://nhbhfd.gitt0qec.cn
46,https://jgyhd.a2cot996.cn
47,https://bfdads.8vvjxd9pp.cn
48,https://nmjgfs.cehhziyt0.cn
49,https://vocesempreatual.com.br/
50,https://nhtdgv.v8qxljhgk.cn
51,https://vdsfgb.a0jdqro2.cn
52,https://vdxszg.ktnwwapms.cn
53,https://wsqfd.sfknqv6b1.cn
54,https://njmtgd.4mmes8ub.cn
55,https://bvdsas.splyl6aq.cn
56,https://bfdgds.nd9t3s49.cn
57,https://uguyeuy.cn
58,http://vvs-finaance.shop
59,https://www.eposciard.co.jp.sdfwe.xyz
60,https://www2.eposcard.co.jp.dsfgfdza.xyz
61,https://bit.ly/3kzvtst
62,https://bit.ly/3KCjQeX
63,https://bit.ly/3kxiAPU
64,http://bancor-net.space
65,https://app-baancor-network.space
66,https://network-bancor.website
67,https://natwbukacc.com/
68,http://natwbukacc.com/
69,https://algemene-platform.com/pay/626e64da6b394
70,https://produto-frete-gratis.eletronicoseeletrodomesticos.online/
71,http://payment-error-netflix.com
72,https://bit.ly/3F7Lb7V
73,http://paypal-secure-inc.com
74,https://bit.ly/3s1yWEo
75,https://bit.ly/3LRAWqV
76,https://shannaqcommon.buzz/Glacierbank/GlacierBank.zip
77,https://blandcausesu.buzz/glacierbank/GlacierBank.zip
78,http://yudvxue.cn
79,uguyeuy.cn
80,https://urlscan.io/result/b7d84128-183b-41ab-992d-387eb3b82c4d/
81,https://njatlanticci.buzz/glacierbank.com/GlacierBank.zip
82,http://handyfix.co.nz/
83,https://bit.ly/3s5tekQ
84,https://bit.ly/3KCB7op
85,https://pay-for-delivery.live/
86,http://sharshares.com/
87,http://bvfds.q0m7xbwp.cn/
88,https://urlscan.io/result/96c275ec-c1b8-4d9a-b4ac-97d281f187bf/
89,t1tr0zd6.cn
90,4xny0d26.cn
91,q0m7xbwp.cn
92,xqckft8t2.cn
93,https://bit.ly/3vYd2TJ
94,https://bit.ly/3FeX3oE
95,https://bit.ly/33m6Lql
96,https://vvs-finaance.shop
97,https://www.hotel-precede.com/
98,https://urlscan.io/search/#216.118.234.18
99,https://galvanized-scratch-workshop.glitch.me/
100,https://bit.ly/3whcett
101,http://helpgostdd.online/
102,https://sunflowers-lands.com/play/
103,https://entrata-perfetta.com/
104,https://securessmtbvs.com/s/
105,https://wfgo984756946500475.cloudns.nz/
106,http://wfb2fa.com/
107,https://www.fixconnectlinkapp.com/
108,https://fixconnectlinkapp.com/
109,https://netflix-regul.com
110,https://secure-open-sea.com/
111,https://helpcancelwestp.com/
112,https://mtsecured.com/mt/
113,https://mtsecuredb.com/mtb/
114,http://metamasf.com
115,https://metamask-wallet-security.com
116,https://www.helpnetsecurity.com/2022/05/02/password-management-habits/
117,https://www.helpnetsecurity.com/2022/05/02/logging-monitoring/
118,https://www.helpnetsecurity.com/2022/05/02/critical-infrastructure-threats-video/
119,https://www.helpnetsecurity.com/2022/05/02/cybersecurity-skills-shortage-challenges/
120,https://hubs.ly/Q018BkXl0
121,https://bit.ly/3vzkhCL
122,https://www.mhubuilder.com/
123,https://adaptable-elemental-beryllium.glitch.me/
124,http://soft-safety.com/
125,https://naseros-derones.monster/
126,https://www.gougen.cn/
127,https://www.cuancheng.cn/
128,https://www.jiongceng.cn
129,https://www.eemjbiib.cn
130,https://mnntb.com/ConfirmIdentity.html?id=54e7adaa5d60035dc5760c0ce0958de2
131,https://mnntb.com/
132,https://gfhd.rlfvqt30.cn
133,https://fdgbds.rqei1uy2.cn
134,https://vdsads.z09459be.cn
135,https://hfdds.ojzhu8lfa.cn
136,https://fdacvf.iz6wzbwiy.cn
137,https://hfgvdc.cytkoatv3.cn
138,https://fdsgds.9kogt2ba6.cn
139,https://dsfvf.peqqeuvz.cn
140,https://dfgdcx.0n8977rv.cn
141,https://hgfdsx.1xz8ss7m3.cn
142,https://bvds.0uwni9b7.cn
143,https://vdsfbf.k73i7jrg.cn
144,https://jftgf.0ezeq1nd.cn
145,https://gbfdss.fyx9xhs5e.cn
146,https://bfdads.gajoghrno.cn
147,https://fdbvds.cgs7j38a.cn
148,https://dsvdb.xa8k6rhwa.cn
149,https://csafg.lw71u6sc.cn
150,https://vdsfbn.5ryttpipb.cn
151,https://nfgdsv.b6e0f3xg.cn
152,https://dxfvds.uy649nsa0.cn
153,https://dfsasv.zvbu5urg.cn
154,https://jhygn.q2iiq3dfc.cn
155,https://sfdgbf.ihhmnl0z.cn
156,https://kjdfbbb.ni7ac90o.cn
157,https://kjugff.fn36z9mf.cn
158,https://gfhds.fe3if5pq.cn
159,https://fdgvg.f4hzlixa6.cn
160,https://vdsfgva.elqmps5ye.cn
161,https://vdds.l1kskbqm.cn
162,http://vipinstructions.com/
163,https://jaocmetj.publicvm.com
164,https://japoemnt.publicvm.com
165,https://japaneomt.publicvm.com
166,https://japenmtc.linkpc.net
167,https://japanet.publicvm.com
168,https://japanetc.linkpc.net
169,https://jocoamep.publicvm.com
170,https://jaocme.publicvm.com
171,https://jaocmeec.linkpc.net
172,https://www.etc-meisai.sadcfwe.cn
173,https://www.etc-meisai.tikjcnh.cn
174,https://www.etc-meisai.fojsevc.cn
175,https://zsdgsdsdd16gsd.shop
176,https://xvsdsz153fgds.shop
177,https://xgfdgdg262fgx.shop
178,https://xdgdssfgsd259dsf.shop
179,https://xdfvgsfasf135ds.shop
180,https://wef654fwe1f.shop
181,https://vdcgrfgffh546k.shop
182,https://sfgdsgssx256dfg.shop
183,https://sfdfsaf266ddsfs.shop
184,https://sdfsdfsf3226ds.shop
185,https://sdfgdgsdg1568fsd.shop
186,https://sddsfsdf3645dfgd.shop
187,https://kdis5e62nfneoo.shop
188,https://dszmjk1156j.shop
189,https://dgxgdgsd168dgd.shop
190,https://101shop.life
191,https://bki-mufgi-jp.ygwezve.cn
192,https://sonng-doceeg-jp.yuojbul.cn
193,https://slowmegazibluenow.online
194,https://am.infogmovps.cn/login.php
195,https://amazo.onvps-onamae.com/login.php
196,http://Clopyr.myshopline.com/
197,https://von.onamae-navigmo.com
198,https://bki-mufgi-jp.mhylzpphq.cn
199,https://doceeg-jp.ajujqet.cn
200,https://sonng-doceeg.jp.cmlfoef.cn
201,https://sonng-doceeg-jp.blmmokl.cn
202,https://sonng-doceeg-jp.cpigfgs.cn
203,https://doceeg-jp.crlflva.cn
204,http://rtxyc.co.vu/
205,https://ieuybnmir.info
206,https://kuygh.kug72nobh.cn
207,https://fbvds.otm9th9y.cn
208,https://csfdcs.nlr2w2vd.cn
209,https://sdwsv.xv30g8j2.cn
210,https://ytjgh.cf9vong6x.cn
211,https://nfgd.smtz41yuo.cn
212,https://bfdads.5xb9y6l5.cn
213,https://vfdsb.u05zquiv.cn
214,https://fdgds.56tklhxog.cn
215,https://gdscv.ms0qw2582.cn
216,https://bfdsd.hhapb0mm.cn
217,https://vdszxc.uy1p3y6t.cn
218,https://hbfrdsz.4y22xit7.cn
219,https://jyhbfd.ipofftdp5.cn
220,https://ewfbv.if0cnzoq.cn
221,https://csdavfd.zjsc2r07.cn
222,https://fghd.uoftf6yxi.cn
223,https://csxazs.h26j4j60p.cn
224,https://csasd.pn7dcut1.cn
225,https://vfdsas.u1vcuyoqb.cn
226,https://csfcfs.s8v0cffk.cn
227,https://vdsdb.67knasfiu.cn
228,https://efsvfd.iw6428oux.cn
229,https://vdsas.jqwlylfkw.cn
230,https://kybfb.sas6xrhll.cn
231,https://dgerh.pdu0wa2e.cn
232,https://ascds.vg4t90w2.cn
233,https://jnty.iicep0pp.cn
234,https://eiuiueii.info
235,https://doieuio.info
236,https://bit.ly/3s4BuBO
237,https://leakzbaited.xyz/instagram/login.html
238,https://amuzeoem.co.jp.xnlfzat.cn/pc/Amazonall_signin10ab8fbe7a2947b8a5936fa30cfa4afdf.php
239,http://agrisecupassaccount.net/
240,http://office365-verification.sitorueda.com/
241,https://www2.uccard.co.jp.snqicai.com
242,https://www.custombestessay.com/
243,https://www.dottguesthouse.com/
244,https://ljoipugrwehjosiaw3er.xyz/
245,https://suica.tootlyyaat.com
246,https://www.c.smbsercaad.icu
247,https://www.s.smbscruoad.icu
248,https://www.s.smbszrcead.icu
249,https://pid.nhk.ro.jpaccountc5e1waf48eb1e6501397b4587dc143bf.y4pb9r.top
250,https://pid.nhk.ro.jpaccountc5e1waf48eb1e8506536b4587dc143bf.zh6y0n.top/
251,http://www.myethervvallet.cc/
252,https://www.myjcb.cnyxgr9gd.cn/
253,https://www.myjcb.tvihjmzly.cn/
254,https://myjcb.gtzjjfn.cn/
255,https://wis.pocketcard.co.jp.netservice.wevapac.com/
256,https://www.etc-meesai-jp-ufo.shop
257,https://www.etc-meisai.jp.ahardworker.shop
258,https://www.etc-meisai.jp.henanjt.shop
259,https://www.etc-meisai.jp.npdnbm.shop
260,http://etccasgswtsaa.shop
261,https://eki.net.co.rhxzyy.cn/
262,https://www.jdjijin.com/
263,https://eki.net.co.phxzyy.cn/
264,https://eki.net.co.lclajiy.cn/
265,https://www.duranogluhurda.com/
266,https://www.au-aoeseon.mzwtcvh.cn/
267,https://www.au-aoeseon.nnuxdih.cn/
268,https://www.au-aoeseon.nygzldc.cn/
269,https://www.au-aoeseon.kwwfrdm.cn/
270,https://www.au-aoeseon.kxvqtuh.cn/
271,https://www.au-aoeseon.mtwrgst.cn/
272,https://www.au-aoeseon.mwwlqbx.cn/
273,https://www.au-aoeseon.kflkcvj.cn/
274,https://www.au-aoeseon.kiuanfu.cn/
275,https://www.au-aoeseon.klujbxv.cn/
276,https://www.au-aoeseon.ktaoxbw.cn/
277,https://www.au-aoeseon.jecmawy.cn/
278,https://www.au-aoeseon.jvrtwvf.cn/
279,https://www.au-aoeseon.kaxzuqa.cn/
280,https://www.au-aoeseon.kdqnrqy.cn/
281,https://www.au-aoeseon.ibxauqv.cn/
282,https://www.au-aoeseon.ifldemb.cn/
283,https://www.au-aoeseon.ipojyvo.cn/
284,https://www.au-aoeseon.hqchger.cn/
285,https://www.au-aoeseon.hviixhj.cn/
286,https://www.au-aoeseon.hzfvjhn.cn/
287,https://www.au-aoeseon.ibpapzv.cn/
288,https://www.au-aoeseon.gmlzhfw.cn/
289,https://www.au-aoeseon.goeqjdh.cn/
290,https://www.au-aoeseon.gsilrrr.cn/
291,https://www.au-aoeseon.gslaktw.cn/
292,https://www.au-aoeseon.fzqhgqk.cn/
293,https://www.au-aoeseon.gbgymmj.cn/
294,https://www.au-aoeseon.gdwyyzx.cn/
295,https://www.au-aoeseon.ggqbwbz.cn/
296,https://www.au-aoeseon.fopbyty.cn/
297,https://www.au-aoeseon.fstxkdd.cn/
298,https://www.au-aoeseon.ftsgnii.cn/
299,https://www.au-aoeseon.fvckahe.cn/
300,https://www.au-aoeseon.dwhpzsh.cn/
301,https://www.au-aoeseon.dynidrq.cn/
302,https://www.au-aoeseon.dzyojlr.cn/
303,https://www.au-aoeseon.fhnutkf.cn/
304,https://www.au-aoeseon.doxtcee.cn/
305,https://www.au-aoeseon.dpktvek.cn/
306,https://www.au-aoeseon.drambyr.cn/
307,https://www.au-aoeseon.dvqnhqp.cn/
308,https://www.au-aoeseon.dgbnzzb.cn/
309,https://www.au-aoeseon.dgzmfid.cn/
310,https://www.au-aoeseon.diznyri.cn/
311,https://www.au-aoeseon.dmkzjjf.cn/
312,https://www.au-aoeseon.cpxhryo.cn/
313,https://www.au-aoeseon.croykyk.cn/
314,https://www.au-aoeseon.ctgpvyr.cn/
315,https://www.au-aoeseon.cyaergc.cn/
316,https://www.au-aoeseon.cdmcckp.cn/
317,https://www.au-aoeseon.cfvbznw.cn/
318,https://www.au-aoeseon.chibpsy.cn/
319,https://www.au-aoeseon.cjtjxgt.cn/
320,https://www.au-acssen.zojtcuh.cn/
321,https://www.au-acssen.zpghpiq.cn/
322,https://www.au-aoeseon.alpggip.cn/
323,https://www.au-aoeseon.bkalutw.cn/
324,https://www.au-acssen.mzknzov.cn/
325,https://www.au-acssen.okaxhao.cn/
326,https://www.au-acssen.rtkwnpb.cn/
327,https://www.au-acssen.tbdwhkw.cn/
328,https://www.au-acssen.lsumgks.cn/
329,https://www.au-acssen.lxsjzam.cn/
330,https://www.au-acssen.mbdadch.cn/
331,https://www.au-acssen.mwyfqhr.cn/
332,https://www.acou-asceoosnm.yoymvrlc.cn/
333,https://www.acou-asceoosnm.ysr8s5.top/
334,https://www.acou-asceoosnm.zjqwkgad.cn/
335,https://www.au-acssen.ldwjmme.cn/
336,https://www.acou-asceoosnm.xgzgxoku.cn/
337,https://www.acou-asceoosnm.y8z52a.top/
338,https://www.acou-asceoosnm.yfuznpe.cn/
339,https://www.acou-asceoosnm.ygiyjxn.cn/
340,https://www.acou-asceoosnm.wbgxjjg.cn/
341,https://www.acou-asceoosnm.wnjanzp.cn/
342,https://www.acou-asceoosnm.wtoorahl.cn/
343,https://www.acou-asceoosnm.tvdkkons.cn/
344,https://www.acou-asceoosnm.u44vn2.top/
345,https://www.acou-asceoosnm.vbsxdcc.cn/
346,https://www.acou-asceoosnm.vtyaiix.cn/
347,https://www.acou-asceoosnm.p1s73e.top/
348,https://www.acou-asceoosnm.psscjez.cn/
349,https://www.acou-asceoosnm.qir19z.top/
350,https://www.acou-asceoosnm.o7ovpd.top/
351,https://www.acou-asceoosnm.o85mpl.top/
352,https://www.acou-asceoosnm.oegkiqk.cn/
353,https://www.acou-asceoosnm.opaimfh.cn/
354,https://www.acou-asceoosnm.kyhkzxu.cn/
355,https://www.acou-asceoosnm.li4xwe.top/
356,https://www.acou-asceoosnm.ljsjszil.cn/
357,https://www.acou-asceoosnm.mjdvbl3w4.cn/
358,https://www.acou-asceoosnm.ixvipal.cn/
359,https://www.acou-asceoosnm.jdvhmzn.cn/
360,https://www.acou-asceoosnm.kftixch.cn/
361,https://www.acou-asceoosnm.hnhovblz.cn/
362,https://www.acou-asceoosnm.iaacgmt.cn/
363,https://www.acou-asceoosnm.iczzety.cn/
364,https://www.acou-asceoosnm.iuyubgp.cn/
365,https://www.acou-asceoosnm.gzfuxik.cn/
366,https://www.acou-asceoosnm.h7t7l2.top/
367,https://www.acou-asceoosnm.hegwdlr.cn/
368,https://www.acou-asceoosnm.dtmdkle.cn/
369,https://www.acou-asceoosnm.ehwzkqj.cn/
370,https://www.acou-asceoosnm.eizwjhu.cn/
371,https://www.acou-asceoosnm.etscanf.cn/
372,https://www.acou-asceoosnm.axwqrer.cn/
373,https://www.acou-asceoosnm.brvilme.cn/
374,https://www.acou-asceoosnm.crtideo.cn/
375,https://www.acou-asceoosnm.ctsarce.cn/
376,https://www.acou-asceoosnm.88tf5lrbkv.cn/
377,https://www.acou-asceoosnm.a8xto7.top/
378,http://www.netstation-aplus.com/
379,http://54.252.251.252/
380,https://a.keiyoushikiten.com/
381,https://am.keiyoushikiten.com/
382,https://www.amazoon.co.jp.cocpmly.cn
383,https://www.amazoon.co.jp.pkktjkc.cn
384,https://www.amazoon.co.jp.707684.cn
385,https://www.amazoon.co.jp.ao3mz5.shop
386,https://www.amazoon.co.jp.ao4mz3.shop
387,https://www.amazoon.co.jp.aqudbfds.cn
388,https://rqqucgitge69.vip/
389,https://www.ama-check-co-jp.softdior1.xyz/
390,https://www.ama-check-co-jp.softdior4.xyz/
391,https://www.ama-check-co-jp.softdior5.xyz/
392,https://amueuonm.co.jp.qosygpky.cn/
393,https://amzeoumn.co.jp.okimnuq.cn/
394,https://amzeounm.co.jp.fxoevzu.cn/
395,https://hdfas.sfhg.xyz
396,https://amazon.amnzonjp.shop
397,https://amazon.co.jp.0iz.top
398,https://amazon.update-info.qianhangjia.com/
399,http://3.25.96.116/
400,https://www.c.aenoczon.icu
401,https://www.c.aenosecn.icu
402,https://www.c.aenosren.icu
403,https://www.s.aenoczon.icu
404,https://101shop.life/
405,https://www2.aenoswn.icu
406,https://www3.aenosew.icu
407,https://www3.aenoswa.icu
408,https://step-n-app.com
409,https://point.orico.toikide.net/
410,http://soft-safety.com
411,https://online-helpdesk.net/
412,https://seguridadpersonalvirtual.com/
413,http://seguridadpersonalvirtual.com/
414,https://vcdfgd.d1umw2hl.cn
415,https://xzcsdb.6cald8ftx.cn
416,https://dsvdsb.h2ml6esu5.cn
417,https://csafb.u5j88fa4.cn
418,https://ythdh.pi798hny5.cn
419,https://htgfsg.nk00nyv1.cn
420,https://jgyhjfd.efscu5zk5.cn
421,https://fdhbfd.zfeqahj40.cn
422,https://vdsds.vwsgw4ieq.cn
423,https://vdsfbf.doxk6yufj.cn
424,https://pujkm.sxqnw6kws.cn
425,https://jukhjhfg.mpy2wrvgm.cn
426,https://csafbv.7l56pi6t.cn
427,https://bvcxas.ol62qgeqt.cn
428,https://cvasfvd.zxzykzh2c.cn
429,https://cwsdxv.0fmjk2w0z.cn
430,https://csafbv.ifg0o4zt.cn
431,https://vdsdfv.jce96g9n.cn
432,https://csasvd.lea0fj43t.cn
433,https://ghtrd.naufq0d2.cn
434,https://cvdsac.l0jfj9sb.cn
435,https://bvfcd.64ci46jo.cn
436,https://cxzfds.mhoyf655p.cn
437,https://cxvazs.at6mawpbe.cn
438,https://casfbv.kiwxb8pi9.cn
439,https://vcxzds.eceyhzfmj.cn
440,https://vsdaxv.u0frwvqfp.cn
441,https://ertsw.5viaagmfp.cn
442,https://aern.co.jp.aeeuocne.ga
443,https://www.aecncojp.com
444,https://cr.mufg.jp.jhswkl.com/
445,https://jnmaaagaluuu.com
446,https://lnxistin2.solutions/magalu
447,https://www.jdjijin.com
448,https://www.hotel-precede.com
449,https://ekl-neetit.live
450,https://ekl-neetit.club
451,https://www.nepguvdx.cn
452,https://www.zuanqie.cn
453,http://ameli-carte-vitale.net
454,http://gerrytradeofferme.com/
455,https://www.amazoon.co.jp.b998a3.cn
456,https://www.amazoon.co.jp.88c58e.cn
457,https://www.amazoon.co.jp.90615b.cn
458,https://www.amazoon.co.jp.7gz9gsme.cn
459,https://www.amazoon.co.jp.845b08.cn
460,https://www.amazoon.co.jp.amqnsyj.cn
461,https://www.amazoon.co.jp.4dfmeeilfo.cn
462,https://www.amazoon.co.jp.bzshdvp.cn
463,https://365online-webassistance.com/
464,https://login-americanexpress.xyz
465,https://ameriicanexpriess.com.suppojp.xyz
466,http://mail.free-pay404.duckdns.org/6b6830dfa3fbc9a457ea6d81ccccdbd2/login.php
467,https://amexx.masanodiet14.com
468,https://a.keiyoushikiten.com
469,https://frxpfq.cn
470,https://ypfsg.cn
471,https://fqwiqi.cn
472,https://gzkop.cn
473,http://formulariodeemprego.online
474,https://securityboulevard.com/2022/04/tarrak-malware/
475,https://securityboulevard.com/2022/04/neighbor-security-lessons-learned-for-enterprise-networks/
476,https://securityboulevard.com/2022/04/this-week-in-malware-npm-backdoors-bugs-mystery-placeholders/
477,http://new-shareage.hheskenya.org/
478,https://pulsexbridge.live/wallet/index.html
479,https://securityboulevard.com/2022/04/owasp-global-appsec-us-2021-virtual-chuck-willis-wias-issas-data-at-rest-encryption-going-beyond-the-basics-to-address-modern-attacks/
480,https://securityboulevard.com/2022/05/scam-alert-impersonating-law-enforcement-doxxing-and-swatting/
481,https://securityboulevard.com/2022/04/owasp-global-appsec-us-2021-virtual-anna-lezhikovas-how-to-build-a-security-mindset/
482,https://ordercheck.link/
483,http://mail.free-pay404.duckdns.org/17c88c426b34e211f85c584b0b407d1a/Billing.php
484,https://t.me/samjdcoin
485,https://rakuten-card.co.jp.lbxhgb.com/
486,https://pid.nhk.ro.jpaccountc5e1waf48eb1e6501397b5486dc143bf.yilou.ltd
487,https://pid.nhk.ro.jpaccountc5e1waf48eb1e6831397b5486dc143bf.zhongfa.ltd
488,https://www.cfzhongyao.com
489,https://www.eki-net-co-jp.cojpci6.top
490,https://www.au-acssen.yjltabq.cn/
491,https://www.au-acssen.yndagym.cn/
492,https://www.au-acssen.ztoqxeb.cn/
493,https://www.au-acssen.wedyequ.cn/
494,https://www.au-acssen.wvwwkhi.cn/
495,https://www.au-acssen.xfdegto.cn/
496,https://www.au-acssen.xkzbaex.cn/
497,https://www.au-acssen.thunzoh.cn/
498,https://www.au-acssen.tlcfgxk.cn/
499,https://www.au-acssen.vfhfifr.cn/
500,https://www.au-acssen.vrekmiv.cn/
501,https://www.au-acssen.scvzfqp.cn/
502,https://www.au-acssen.sfyvajc.cn/
503,https://www.au-acssen.tdwqnob.cn/
504,https://www.au-acssen.tekcpqb.cn/
505,https://www.au-acssen.qrsrfqf.cn/
506,https://www.au-acssen.qstcvcc.cn/
507,https://www.au-acssen.rihgsju.cn/
508,https://www.au-acssen.rrrcaep.cn/
509,https://www.au-acssen.pjvbkhw.cn/
510,https://www.au-acssen.plhmmiz.cn/
511,https://www.au-acssen.qgtwyql.cn/
512,https://www.au-acssen.qqzqrjp.cn/
513,https://www.au-acssen.oxtnmmq.cn/
514,https://www.au-acssen.ozqexpy.cn/
515,https://www.au-acssen.pglxcrk.cn/
516,https://www.au-acssen.pgmvsta.cn/
517,https://www.au-acssen.mldtqei.cn/
518,https://www.au-acssen.opxxdet.cn/
519,https://www.au-acssen.otguatu.cn/
520,https://www.au-acssen.ovbllik.cn/
521,https://www.au-acssen.livbeec.cn/
522,https://www.au-acssen.luswfwy.cn/
523,https://www.au-acssen.mbsxwjg.cn/
524,https://www.au-acssen.mipsmte.cn/
525,https://www.au-acssen.jmthqsl.cn/
526,https://www.au-acssen.klmxcdh.cn/
527,https://www.au-acssen.kvlhadm.cn/
528,https://www.au-acssen.lfhoekb.cn/
529,https://work.2xsos4z.cn/
530,https://www.au-acasun.hiwkinl.cn/
531,https://www.au-acasun.ibcnpja.cn/
532,https://www.au-acasun.qvvzlqo.cn/
533,https://netstation2-aplus-co-jp.czshxmy.com
534,https://netstation2-aplus-co-jp.sydhhg.com
535,https://basf.jkbfv.xyz
536,https://buivgaue743.vip/
537,https://gfdv.sdhth.xyz
538,https://hvnb.fcjhe.xyz
539,https://www.jxqp037.com/
540,https://ACCOUT-UPDATIE.AMAZOU.CO.JP.user-jp.tk/
541,https://amazon.co.jp.udhghj.shop
542,https://ameumzon.co.jp.member.legyzkl.cn/
543,https://bit.ly/3uXnGvg
544,https://bit.ly/38vNkxN
545,https://rffds.ok3099bdk.cn
546,https://fasdv.37facai618.cn
547,https://vdsgs.66ia5lmf.cn
548,https://hfdgds.c2me1spoe.cn
549,https://fgvdsf.z2ftm8oq.cn
550,https://fygrd.igaujyfob.cn
551,https://dfsgf.50uxfnug.cn
552,https://fdgds.bf618gh9.cn
553,https://utnakjgir.shop
554,https://jaocmoet.publicvm.com
555,https://jaoemtc.publicvm.com
556,http://xn--ameli-sant-k7a.info
557,https://eki.net.co.rhxzyy.cn
558,http://myapp-user0verlfy.online/
559,https://annom.co.jp.gtzcospn.cn
560,https://www.amazon.jp.jugnamp.cn
561,https://www.amazon.jp.aoipmqh.cn
562,https://secure-filmoption.fr
563,https://weheggaergjsfgzseoirusag.xyz
564,https://amazo.onvps-onamae.com
565,https://smbc.takai.me
566,https://netstatilon2.apllus.co.jp.sdfwfs.xyz
567,https://amex.bloomsbury-wedding.com
568,https://www.ogkdjgks.com
569,https://www.mobiliesuisa.com.indirfix.com
570,https://netstation-aplus.com
571,https://paypal-fr.contact
572,https://aeon-card.shop
573,https://aeon-card.work
574,https://amazon.typhoonfilm.jp
575,https://smbcc.campaign-vps.com
576,https://sakura.musecosme.jp
577,https://aeon.co.jpjtyryj79jnk.club
578,https://aeon.co.jpv5etddhm.jp
579,https://aeon.co.jpvnrtu34in4.jp
580,https://aeon.co.jpvnrytwevn4.shop
581,https://aeon.co.jpjnjws6bju.shop
582,https://aeon.co.jpvnyyu2om4.club
583,https://aeon.co.jpvnrinisnvs.net
584,https://aeon.co.uo3nbkdo3s.net
585,https://aeon.co.ukvops421dmj.com
586,https://amex.yunami.co.jp
587,http://support-ameli.org
588,http://jcb-kro.website/login
589,https://inof-auoneo-jp.stvrohz.cn
590,https://inof-auoneo-jp.sxwdmyx.cn
591,https://inof-auoneo-jp.uffyrww.cn
592,https://inof-auoneo-jp.nebnyzm.cn
593,https://inof-auoneo-jp.nyeknvo.cn
594,http://token21.app
595,https://www.acosu-aoesmn.xe5.top
596,https://www.acosu-aoesmn.xp9.top
597,https://www.acosu-aoesmn.zd5.top
598,https://www.acosu-aoesmn.zt4.top
599,https://www.acosu-aoesmn.zv1.top
600,https://www.acosu-aoesmn.00th.top
601,https://www.acosu-aoesmn.0so.top
602,https://www.acosu-aoesmn.00kt.top
603,https://www.acosu-aoesmn.00mq.top
604,https://www.acosu-aoesmn.01fq.top
605,https://www.acosu-aoesmn.01gm.top
606,https://www.acosu-aoesmn.01gu.top
607,https://www.acosu-aoesmn.01id.top
608,https://www.acosu-aoesmn.01lt.top
609,https://www.acosu-aoesmn.01lz.top
610,https://www.acosu-aoesmn.01mk.top
611,https://www.acosu-aoesmn.01mp.top
612,https://www.acosu-aoesmn.01nr.top
613,https://www.acosu-aoesmn.02fj.top
614,https://www.acosu-aoesmn.02gq.top
615,https://www.acosu-aoesmn.0qt.top
616,https://www.acosu-aoesmn.0sd.top
617,https://www.acosu-aoesmn.0vb.top
618,https://www.acosu-aoesmn.1qs.top
619,https://www.acosu-aoesmn.1uh.top
620,https://www.acosu-aoesmn.1vk.top
621,https://www.acosu-aoesmn.j8j.top
622,https://www.acosu-aoesmn.o2p.top
623,https://www.acosu-aoesmn.p1m.top
624,https://www.acosu-aoesmn.s2m.top
625,https://www.acosu-aoesmn.t1a.top
626,https://www.acosu-aoesmn.j3b.top
627,http://token22.app
628,https://elliothavres.buzz/jslrestoration.com/
629,https://accountsort-id.live/
630,https://ntflx-help-account.com/
631,http://icsconsultant.net/
632,https://metamaskcgn.xyz
633,https://de-legitimierung-93.xyz/de/Kontrolle/volks/
634,https://maispontosnafac.online
635,http://tetocnic.finance
636,https://howelburapt.buzz/office/Funds.zip
637,http://tcetonic.finance
638,https://a2th-verifc.duckdns.org/citi/
639,https://tokenpocketcn.xyz
640,https://de-legitimierung-91.xyz/de/Kontrolle/volks/
641,https://de-legitimierung-92.xyz/de/Kontrolle/volks/
642,https://de-legitimierung-100.xyz/de/Kontrolle/volks/
643,https://www.acosu-aoesmn.vg0.top/
644,107.175.212.119
645,107.175.212.120
646,https://www.mobiliesuisa.com.indirfix.com/
647,https://bit.ly/3OPMw7w
648,https://metamaslk-web.net
649,https://yudvxue.cn?bank
650,http://fraudsbreaking.org/
651,https://sakura.musecosme.jp/
652,https://app-network-bancor.space
653,https://wompibancoldina.digital/tri.zip
654,https://wompibancoldina.digital/sucursalpersonas.transaccionesbancolombia/
655,http://biancnce.com/
656,https://easttereileenc.buzz/Info/adobe2021%20(1).zip
657,https://easttereileenc.buzz/Info/adobe2020/
658,http://auth-flix.com
659,https://www.mobiliesuisa.xxjijin.com/
660,http://newty.rf.gd/
661,185.27.134.139
662,https://gilchristzzor.buzz/adobe/adobe2021%20(1).zip
663,https://bradlburgs.buzz/allfasteners.com/
664,https://gilchristzzor.buzz/adobe/adobe2020/
665,https://zzsummerhaven.buzz/Secured.zip
666,http://restgatepont.xyz
667,https://www2.mobilesuica.com.fklyqhr.cn
668,https://www2.mobilesuica.com.jjuepkl.cn
669,https://www2.mobilesuica.com.kdfiqjxw.cn
670,https://moblienggoiweugwahgasjgowhgu.xyz/
671,https://www.mobiliesuisa.nqjijin.com/
672,https://direct.smbc.co.jp.ikiiuyt.com/
673,https://rakkutedn.riomaxad01.xyz
674,https://rakutzn.tankyourser.com/
675,https://rakuetem.co.jp.member.tnotea.cn/
676,https://pid.nhk.ro.jpaccountc5e1waf49eb1e8506536b4587dc143bf.nrof2x.top
677,http://www.myetherwallert.cc/
678,https://jfr-card.co.jp.yxwhgc.com/
679,https://turnerstfo.buzz/Sabali/adobe2020/
680,https://streyilom.info
681,https://sieureeci.info
682,https://www.ameriicanexpriess.com.az3am4.shop
683,https://www.kfairaepia.com
684,https://rakeuntem.co.jp.gwshirqq.cn
685,https://rakeuntem.co.jp.m6c2m.cn
686,https://turnerstfo.buzz/Sabali/adobe2020%20(2).zip
687,https://www.brainstormforyou.com/
688,https://www.china-surcourage.com/
689,https://www.chisgarabis.com/
690,https://www.eki-netuser.xyz/
691,https://eki.net.co.uuugxil.cn/
692,http://www.eki-net.meiserik.com/
693,https://ekl.net.co.bzusmmq.cn/
694,https://ekl.net.co.zhuxin.ink/
695,https://sexoaldia.com/
696,https://www.asoueu-ascceoosnm.gukgd.top/
697,https://www.asoueu-ascceoosnm.icnvqg.top/
698,https://www.asoueu-ascceoosnm.ictfhw.top/
699,https://www.asoueu-ascceoosnm.iwublx.top/
700,https://www.aocu-aoseosncn.1ec.top/
701,https://www.aocu-aoseosncn.1eg.top/
702,https://www.asoueu-ascceoosnm.gdhlws.top/
703,https://www.asoueu-ascceoosnm.gggwqr.top/
704,https://www.aocu-aoseosncn.0lf.top/
705,https://www.aocu-aoseosncn.0lr.top/
706,https://www.aocu-aoseosncn.0mt.top/
707,https://www.aocu-aoseosncn.0uc.top/
708,https://www.aocu-aoseosncn.02iy.top/
709,https://www.aocu-aoseosncn.02mf.top/
710,https://www.aocu-aoseosncn.0bf.top/
711,https://www.aocu-aoseosncn.0by.top/
712,https://www.aocu-aoseosncn.02hi.top/
713,https://www.aocu-aoseosncn.02hl.top/
714,https://www.aocu-aoseosncn.02ij.top/
715,https://www.aocu-aoseosncn.02im.top/
716,https://www.aocu-aoseosncn.02fo.top/
717,https://www.aocu-aoseosncn.02fq.top/
718,https://www.aocu-aoseosncn.02fr.top/
719,https://www.aocu-aoseosncn.02gz.top/
720,https://www.aocu-aoseosncn.01uq.top/
721,https://www.aocu-aoseosncn.02bo.top/
722,https://www.aocu-aoseosncn.02ek.top/
723,https://www.aocu-aoseosncn.02fc.top/
724,https://www.aocu-aoseosncn.01ps.top/
725,https://www.aocu-aoseosncn.01qr.top/
726,https://www.aocu-aoseosncn.01qy.top/
727,https://www.aocu-aoseosncn.01rx.top/
728,https://www.acsuo-acseonsmesnm.z5hilx.top/
729,https://www.acsuo-acseonsmesnm.zunyihil.top/
730,https://www.aocu-aoseosncn.01mj.top/
731,https://www.aocu-aoseosncn.01oj.top/
732,https://www.acsuo-acseonsmesnm.s8m.top/
733,https://www.acsuo-acseonsmesnm.to3fm8.top/
734,https://www.acsuo-acseonsmesnm.v2466w.top/
735,https://www.acsuo-acseonsmesnm.z0eg7l.top/
736,https://www.acsuo-acseonsmesnm.abt5ed.top/
737,https://www.acsuo-acseonsmesnm.ao2rwn.top/
738,https://www.acsuo-acseonsmesnm.b9n9nw.top/
739,https://www.acsuo-acseonsmesnm.bn01bn.top/
740,https://www.acsuo-acseonsmesnm.7hi80f.top/
741,https://www.acsuo-acseonsmesnm.83ag1n.top/
742,https://www.acsuo-acseonsmesnm.9a3.top/
743,https://www.acsuo-acseonsmesnm.9k171b.top/
744,https://www.acsuo-acseonsmesnm.4zecxj.top/
745,https://www.acsuo-acseonsmesnm.6gh700.top/
746,https://www.acsuo-acseonsmesnm.6k6gs5.top/
747,https://www.acsuo-acseonsmesnm.74zkmo.top/
748,https://www.acsuo-acseonsmesnm.02mr.top/
749,https://www.acsuo-acseonsmesnm.02my.top/
750,https://www.acsuo-acseonsmesnm.2j3gkl.top/
751,https://www.acsuo-acseonsmesnm.3w7bzz.top/
752,https://www.acsuo-acseonsmesnm.01qs.top/
753,https://www.acsuo-acseonsmesnm.01rw.top/
754,https://www.acsuo-acseonsmesnm.01sk.top/
755,https://www.acsuo-acseonsmesnm.01ux.top/
756,https://www.acsuo-acseonsmesnm.01kl.top/
757,https://www.acsuo-acseonsmesnm.01lv.top/
758,https://www.acsuo-acseonsmesnm.01mb.top/
759,https://www.acsuo-acseonsmesnm.01ml.top/
760,https://www.acsuo-acseonsmesnm.00zm.top/
761,https://www.acsuo-acseonsmesnm.01fh.top/
762,https://www.acsuo-acseonsmesnm.01hc.top/
763,https://www.acsuo-acseonsmesnm.01hz.top/
764,https://www.acosu-aoesmn.zd5.top/
765,https://www.acosu-aoesmn.zv1.top/
766,https://www.acsuo-acseonsmesnm.00jp.top/
767,https://www.acsuo-acseonsmesnm.00wh.top/
768,https://www.acosu-aoesmn.vy8.top/
769,https://www.acosu-aoesmn.xe3.top/
770,https://www.acosu-aoesmn.xe5.top/
771,https://www.acosu-aoesmn.xp9.top/
772,https://www.acosu-aoesmn.j8j.top/
773,https://www.acosu-aoesmn.m1t.top/
774,https://www.acosu-aoesmn.o2p.top/
775,https://www.acosu-aoesmn.s0i.top/
776,https://www.acosu-aoesmn.g5g.top/
777,https://www.acosu-aoesmn.i7k.top/
778,https://www.acosu-aoesmn.i8u.top/
779,https://www.acosu-aoesmn.j2j.top/
780,https://www.acosu-aoesmn.a2w.top/
781,https://www.acosu-aoesmn.a4y.top/
782,https://www.acosu-aoesmn.b0h.top/
783,https://www.acosu-aoesmn.b1o.top/
784,https://www.acosu-aoesmn.3tf.top/
785,https://www.acosu-aoesmn.5bh.top/
786,https://www.acosu-aoesmn.8la.top/
787,https://www.acosu-aoesmn.9bh.top/
788,https://www.acosu-aoesmn.2dc.top/
789,https://www.acosu-aoesmn.2eq.top/
790,https://www.acosu-aoesmn.2iy.top/
791,https://www.acosu-aoesmn.3qs.top/
792,https://www.acosu-aoesmn.02ji.top/
793,https://www.acosu-aoesmn.02mn.top/
794,https://www.acosu-aoesmn.0fp.top/
795,https://www.acosu-aoesmn.0if.top/
796,https://www.acosu-aoesmn.02gw.top/
797,https://www.acosu-aoesmn.02hd.top/
798,https://www.acosu-aoesmn.02hq.top/
799,https://www.acosu-aoesmn.02hx.top/
800,https://www.acosu-aoesmn.01pl.top/
801,https://www.acosu-aoesmn.02fj.top/
802,https://www.acosu-aoesmn.02gp.top/
803,https://www.acosu-aoesmn.02gs.top/
804,https://www.acosu-aoesmn.00vx.top/
805,https://www.acosu-aoesmn.01dv.top/
806,https://www.acosu-aoesmn.01gu.top/
807,https://www.acosu-aoesmn.01lz.top/
808,https://aupay.oolj.cn
809,https://www.acosu-aoesmn.00mq.top/
810,https://www.acosu-aoesmn.00pm.top/
811,https://www.acosu-aoesmn.00sd.top/
812,https://netstation2-aplus-co-jp.asacollections.com
813,https://www.aplus-cards.com/
814,https://amex.bloomsbury-wedding.com/
815,https://amex.vogue-co-ltd.com/
816,https://www.amazonnon.tk/jp
817,https://www.eorkav.com
818,https://www.jp-amazon.ono-co.top/
819,https://www.mvorakg.com
820,https://www.s.aeno-svsn.icu
821,https://dominicbuw.buzz/adobe/adobe2021%20(1).zip
822,https://dominicbuw.buzz/adobe/adobe2020/
823,https://www3.miccsaerd.icu
824,https://rakuren.linktoadsd.com/
825,https://yudvxue.cn
826,https://sparkasse-info.xyz/sparrie.zip
827,https://restgatepont.xyz
828,https://dvfdsg.nb57bs7x.cn
829,https://ergdfn.vbxtnd5xs.cn
830,https://fdgfhj.ujyotia62.cn
831,https://fdsafg.xiospqct4.cn
832,https://fdsgbg.pk7xclz18.cn
833,https://fdsvf.brnapea0.cn
834,https://gffdd.vrdpsyeqk.cn
835,https://ghrfes.pdgj36ub.cn
836,https://hjyfdn.6thfajom.cn
837,https://htyrfgd.wh7tr8bjq.cn
838,https://jfdgas.az2u0n94.cn
839,https://jfgdb.o7tcjjnh8.cn
840,https://jyfgd.vmquxutxr.cn
841,https://jyghftr.kwb8ljxx.cn
842,https://kyhtg.ug73c96t.cn
843,https://puhkm.7jq0vke7b.cn
844,https://puhyj.t8ohzxdcn.cn
845,https://qwdfdc.utuqzydg4.cn
846,https://rfgdsb.zpf0kva5r.cn
847,https://rghfd.xcx3koern.cn
848,https://sacdxv.trhmclryc.cn
849,https://safcvf.yvt11chr.cn
850,https://tghjgf.64cf6xy0q.cn
851,https://uikmh.qd502dhkl.cn
852,https://wfdsn.jgibq0yz.cn
853,https://wqfddf.yrd992xy0.cn
854,https://wsdcv.h77o2kc7.cn
855,https://fsdhg.1nhqmvpu.cn
856,https://bit.ly/3OZwIPK
857,https://trustwealt.fun/log/login.html
858,https://trustwealt.fun/index.html
859,https://trustwealt.fun/
860,http://bancolombiasucursalvirtual.com/
861,http://www.myetherwallert.cc/#/access-my-wallet
862,143.92.42.39
863,https://urlscan.io/result/ff8fb7fa-2605-4e95-8fab-c22d8f02ce59/
864,http://www.trustwallet.info/
865,http://admission.primeuniversity.edu.bd/
866,http://192.161.165.167
867,https://www.helpnetsecurity.com/2022/05/05/password-habits-video/
868,https://www.helpnetsecurity.com/2022/05/05/shadow-it-risk/
869,https://bit.ly/3KPRUUW
870,https://www.helpnetsecurity.com/2022/05/05/cve-2022-1388/
871,http://seguropersonalvirtual.com/
872,https://bit.ly/3OYQZot
873,https://bit.ly/3KM8pl5
874,http://faturaonlinecredicar.tempsite.ws/atendimento.html
875,https://magaluemmaio.com/
876,https://haagieprair.buzz/xmax/
877,https://www.asoueu-ascceoosnm.yqxxch.top
878,https://www.asoueu-ascceoosnm.ywaabg.top
879,https://www.asoueu-ascceoosnm.yyvfm.top
880,https://www.asoueu-ascceoosnm.zehxsh.top
881,https://www.asoueu-ascceoosnm.sjrag.top
882,https://bit.ly/3KL1uss
883,https://auonet.xyz
884,https://aucojp.xyz
885,https://bit.ly/3vM7pcm
886,https://softbenk-my.top
887,https://softbenk-jp.top
888,https://aiou.myakkdl.kodiul.club
889,https://mykddl.ucl.tim.ass.co.iospd.club
890,https://sonng-doceeg-jp.tengcx.cn
891,https://connecto-auoneo-jp.tjfrbmz.cn
892,https://doceeg-jp.yjssjw.cn
893,https://doceeg-jp.youdoumi.cn
894,https://sonng-doceeg-jp.yuezhengkou.cn
895,https://aupay-jp.xnsxkw.cn
896,https://sonng-doceeg-jp.xoanblr.cn
897,https://doceeg-jp.kxvqtuh.cn
898,https://sonng-doceeg-jp.lpbncum.cn
899,https://sonng-doceeg-jp.mbsxwjg.cn
900,https://connecto-auoneo-jp.ktiuool.cn
901,https://connecto-auoneo-jp.pplyacx.cn
902,https://www.mobilbbrogerhjlhiesuisa.moiweugsgdahsugewog.buzz
903,https://mobkeiohxzergjrophiura.cyou
904,https://wfdgg.pe6n8jwbi.cn
905,https://jyunbg.070h4o3f.cn
906,https://fafsvf.rqlecbr2e.cn
907,https://bvfdsg.g7p4dzmf.cn
908,https://ouykm.rjybor6ng.cn
909,https://www.mnfgncojp.com
910,https://mnfgncojp.com
911,https://www.eki-netuser.xyz
912,https://c5ce6q.top
913,https://epsoc.d0e19jym.cn
914,https://bit.ly/3sfrmpH
915,http://ctz3n.xyz/infoverfy/
916,http://ctz3n.xyz/info/
917,https://rakeuntem.co.jp.ycbaishi.cn
918,https://rakeuntem.co.jp.mgthptog.cn
919,https://rakeuntem.co.jp.qzedprkk.cn
920,https://rakeuntem.co.jp.awcywph.cn
921,https://rakeuntem.co.jp.awtabgd.cn
922,http://walletmigrateweb3.com/
923,https://auth-flix.com
924,https://www.acsuo-acseonsmesnm.83ag1n.top
925,https://bit.ly/37lybiu
926,https://www.acsuo-acseonsmesnm.02ge.top
927,https://www.acsuo-acseonsmesnm.00hy.top
928,https://www.acsuo-acseonsmesnm.2j3gkl.top
929,https://auth-web.com/santander/Login.php
930,https://www.aocu-aoseosncn.01ps.top
931,https://www.aocu-aoseosncn.01pj.top
932,https://www.aocu-aoseosncn.02fc.top
933,https://www.aocu-aoseosncn.01rx.top
934,https://www.aocu-aoseosncn.02bo.top
935,https://www.aocu-aoseosncn.02hi.top
936,https://auth-web.com/santander/
937,https://meiguixiaozhen.com
938,https://www.china-surcourage.com
939,https://www.zjymfurniture.com
940,https://mtesde.online
941,https://paypai-services.com
942,https://baileeenav.buzz/rextontechnologies/987650987/
943,https://www.asdkfoalf.com
944,https://www.eiaralfad.com
945,https://secure-onlineguide.com/
946,https://urlscan.io/result/7a3db393-5410-4e50-8b22-349b43dce222/
947,http://cancellation493.com/natwest/Login.php
948,http://cancellation493.com/natwest/
949,https://www.mobiliesuisa.xxjijin.com
950,https://amex.fu-rex.com
951,https://cancellation493.com/natwest/Login.php
952,https://cancellation493.com/natwest/
953,https://bit.ly/3LSQYR9
954,http://streyilom.info/
955,155.94.194.63
956,https://bit.ly/3kFQCS3
957,https://universalpostnational.com
958,http://mtbksecure.com/mt/
959,http://metlomask-io.com
960,https://bit.ly/3vMxXKo
961,https://bit.ly/3LOXkRE
962,http://metamaskcan.xyz
963,https://www.helpnetsecurity.com/2022/05/05/cisos-threat-detection-challenges/
964,https://www.helpnetsecurity.com/2022/05/05/identify-vulnerabilities-nmap-video/
965,https://www.visa.co.jp.simapc.xyz/
966,http://zxyzxyxgf.com/mandt/
967,https://metlomask-io.com
968,https://pid.nhk.ro.jpaccountc5e1waf49eb1e8506536b4587dc143bf.nrof2x.top/login.php
969,https://pid.nhk.ro.jpaccountc5e1waf37eb1e8506536b4587dc143bf.64iris.top
970,https://bit.ly/3AnAgna
971,https://consolex.m8zb.com/
972,http://softbenk-my.top/
973,http://softbenk-jp.top/
974,https://soptruii.info/
975,http://sieureeci.info/
976,https://citiaccountservice.com/secure/
977,https://securitymobilecheckaib.com/Alert.php
978,https://ulster-recoverysupport.com/
979,https://meinonlinehome.xyz/depcorra/
980,https://securitymobilecheckaib.com/
981,https://configure-userdevice.com/santander/captcha.php
982,https://bit.ly/3w0LxZI
983,http://auth-web.com/santander/Login.php
984,http://testingnetwork823applej2.com/234awdawd/
985,https://configure-userdevice.com/santander/
986,http://auth-web.com/santander/
987,http://byuifood.com/truelogin/
988,http://byuifood.com/office/
989,https://mtbksecure.com/mt/
990,https://online-meinhme.xyz/
991,https://www.ecoauthchain.com/
992,https://ecoauthchain.com/
993,https://verified-trustwallet.com/Recovry.php
994,https://mata-mask.com
995,https://verified-trustwallet.com/Info.php
996,https://verified-trustwallet.com/
997,http://wells-fargo-verify-protection.com/
998,https://frgfdh.10gan93h.cn
999,https://gdsgvh.eeyhsfbhu.cn
1000,https://hydfdg.k5uwwq48t.cn
1001,https://jcb-fmkg.com/login
1002,https://jcb-mfjq.com/login
1003,https://www.mnfgncojp.com/
1004,https://dsfvdcx.h8ici0r4b.cn
1005,https://dvdsg.ydtush0ah.cn
1006,https://fcbfas.mg6ypgna.cn
1007,https://fdgh.j8ceaubv1.cn
1008,https://khyhf.ge1j2gehy.cn
1009,https://kufdb.g343m98q.cn
1010,https://nfdbvfc.vp7yvwe4v.cn
1011,https://oyjnj.am85f4vy.cn
1012,https://sadcx.93w42zo95.cn
1013,http://nodsajno-mcodd-mvoer.mosrjtoot.cf
1014,http://nodsajno-mcodd-mvoer.hnrtytuuu.cf
1015,https://websitesetcmeisaimladmin.life/VerifyTokenLogin.php
1016,https://pid.nhk.ro.jpaccountc5e1waf48eb1e8506536b4587dc143bf.jv44k0.top
1017,http://securemobileaibupdate.com/Alert.php
1018,http://securemobileaibupdate.com/
1019,http://aibmobilesecureupdate.com/Alert.php
1020,http://aibmobilesecureupdate.com/
1021,http://invincibleny.net///cgi-sys/defaultwebpage.cgi
1022,https://intololra.live/
1023,http://joingrupbokep-chika.duckdns.org/
1024,https://atendimentopersonalizado.xyz/magalu/
1025,https://www2.mobilesuica.com.jvrjktmn.cn
1026,https://www2.mobilesuica.com.kbjrijkk.cn
1027,https://www2.mobilesuica.com.izgzocjj.cn
1028,https://epos-nb036f022fed40017be124b.nrenojgot.ml
1029,https://epos-nb036f022fed40017be124b.nrenojgot.tk
1030,https://epos-nb036f022fed40017be124b.nbornlatt.ga
1031,https://epos-nb036f022fed40017be124b.nreberttt.cf
1032,https://epos-nb036f022fed40017be124b.nnodsrtr.gq
1033,https://epos-nb036f022fed40017be124b.nbornlatt.tk
1034,https://epos-nb036f022fed40017be124b.nrenojgot.gq
1035,https://epos-nb036f022fed40017be124b.nkonemsor.ga
1036,https://epos-nb036f022fed40017be124b.nodorrtar.ml
1037,https://epos-nb036f022fed40017be124b.nkonemsor.ml
1038,https://epos-nb036f022fed40017be124b.nnodsrtr.ml
1039,https://epos-nb036f022fed40017be124b.nnodsrtr.tk
1040,https://epos-nb036f022fed40017be124b.nodorrtar.tk
1041,https://epos-nb036f022fed40017be124b.nreberttt.ml
1042,https://epos-nb036f022fed40017be124b.nreberttt.gq
1043,https://jcb-qea.com/login
1044,https://www.ilovemyabc.com
1045,https://domante.shop/sucursalpersonas.transaccionesbancolombia/
1046,https://ecz3.autos/id/
1047,https://ghfhghh.online/
1048,https://spepn.shop
1049,https://myjcb.1a3y0qg0.cn
1050,https://urlscan.io/search/#155.94.146.30
1051,https://www.acsuo-acseonsmesnm.02fv.top/
1052,https://urlscan.io/result/e1fa6357-2e10-43de-b6fa-505466d9a4fa/
1053,http://m10india.xyz/bgmi%20%281%29.zip
1054,https://de-legitimierung-140.xyz/de/Kontrolle/volks/
1055,https://de-legitimierung-130.xyz/de/Kontrolle/volks/
1056,https://de-legitimierung-141.xyz/de/Kontrolle/volks/
1057,https://de-legitimierung-142.xyz/de/Kontrolle/volks/
1058,https://bserset.com
1059,http://bustpen.buzz
1060,https://amazon-aide.net
1061,https://dapps-validation.org/
1062,https://vvs-financer.shop
1063,http://markabausdsz.co.vu/
1064,http://kingdomgraphicsandprinting.com/0/js/plugins/35665/Login.html
1065,https://colfecks.shop/sucursalpersonas.transaccionesbancolombia/
1066,https://smbc-card.co.jp.xfddkl.com
1067,https://www.helpnetsecurity.com/2022/05/04/apt-corporate-email/
1068,https://paypay-verify.com
1069,http://fix-dapps.com/
1070,https://masfotografias.com
1071,https://smbc-isis.shop
1072,https://smbc-sisi.shop
1073,https://soptruii.info
1074,http://magalufaturas.com
1075,https://www.mobiliesuisa.nqjijin.com
1076,https://www.helpnetsecurity.com/2022/05/04/password-policy-best-practices/
1077,https://www.helpnetsecurity.com/2022/05/04/map-cybersecurity/
1078,http://santtndr.com/www.santanderbank.com/
1079,https://netflix-prel.com
1080,http://padelmania.ro/wp-admin/review/amend/equip/login.php
1081,https://portownstact.buzz/Admin/adobe2021%20(1).zip
1082,https://bit.ly/3OZZKyD
1083,https://kycoffshoreflix.com
1084,http://app-decline-transactions-help.com/Login.php
1085,http://app-decline-transactions-help.com/
1086,http://groupchatewa.duckdns.org/
1087,http://03suretymtb.site/
1088,http://03replymtb.site/
1089,https://thoibao-vietnam.com
1090,https://bit.ly/3FeMyBE
1091,https://ncshannonto.buzz/ADOBE%20Neverstop.zip
1092,https://ncshannonto.buzz/ADOBE%204/
1093,https://etccasgdasqsa.shop
1094,http://wreckvrroom.com/airmatic/
1095,https://yadaliil.ddnsking.com
1096,https://www.microsoft.com/security/blog/2022/05/04/how-a-senior-product-manager-is-leading-the-passwordless-movement-at-microsoft/
1097,https://www.aocu-aoseosncn.02gz.top
1098,https://www.aocu-aoseosncn.02ek.top
1099,https://www.aocu-aoseosncn.02fo.top
1100,https://www.eafak.xyz
1101,http://validateusmtb.site/
1102,https://www.chisgarabis.com
1103,https://chisgarabis.com
1104,https://www.brainstormforyou.com
1105,https://brainstormforyou.com
1106,https://www.greenspacecowboy.com
1107,https://greenspacecowboy.com
1108,http://203.jpid.com.br/
1109,https://therecord.media/google-nation-state-phishing-campaigns-expanding-to-target-eastern-europe-orgs/
1110,http://mtse.live/
1111,https://suppers.servegame.com
1112,https://suggest.servebeer.com
1113,https://rakuetem.co.jp.member.tnotea.cn
1114,https://netstation2-aplus-co-jp.dailybonnuoc.com
1115,https://www3.micrsaerd.icu
1116,https://www2.miccsaerd.icu
1117,https://www2.micrsaerd.icu
1118,https://softbanlk.top/
1119,https://www2.eposcarid.co.jp.werxcfe.xyz
1120,https://www2.eposcarid.co.jp.tweaa.xyz
1121,https://api.saiisioncardl.co.jp.zfwzdazav.xyz
1122,https://api.saiisoncardl.co.jp.retcawu.xyz
1123,https://api.saiisioncardl.co.jp.rterdf.xyz
1124,https://yudvxue.cn?paypaybank
1125,https://uwtewck.cn/
1126,https://inof-auoneo-jp.ajyxvuz.cn
1127,https://inof-auoneo-jp.bkazccd.cn
1128,https://inof-auoneo-jp.cgvkbyf.cn
1129,https://sonng-doceeg-jp.nvkmeear.cn
1130,https://sonng-doceeg-jp.ohoyqbzl.cn
1131,https://aupay-jp.ppftpqd.cn
1132,https://sonng-doceeg-jp.qgtwyql.cn
1133,https://doceeg-jp.qkhhpxos.cn
1134,https://doceeg-jp.qrsrfqf.cn
1135,https://connecto-auoneo-jp.rcbtzna.cn
1136,https://sonng-doceeg-jp.tatlyjty.cn
1137,https://doceeg-jp.snxqqmg.cn
1138,https://bki-mufgi-jp.tfnhkrh.cn
1139,https://jr-net.jp.co.ssxotvs.cn
1140,https://netempresalo.com/atendimentonopc/
1141,https://netempresani.com/atendimentonopc/
1142,https://netempre1212.com/atendimentonopc/
1143,https://bit.ly/3OVuBMK
1144,http://cancellation322.com/santander/Login.php
1145,http://loooksrari.net/
1146,https://reaload-starts.com/
1147,https://hegejuntocomvoce.online
1148,https://www.helpnetsecurity.com/2022/05/04/healthcare-respond-cyberattack/
1149,https://www.helpnetsecurity.com/2022/05/04/cybersecurity-professionals-promote-themselves-video/
1150,https://bit.ly/3s9zpnW
1151,http://cancellation322.com/santander/
1152,https://cztake.com/
1153,http://reaload-starts.com/
1154,http://cztake.com/
1155,https://walletautorecconect.com/
1156,https://unitedpublicmailtime.com
1157,http://magaluemmaio.com
1158,https://pwsmiky.online/login/
1159,http://singlehillmaliceinc.site/
1160,https://cronolivraison.com
1161,http://retailolbredirect.com/
1162,https://app.pipefy.com/public/form/UqX0j2iX
1163,http://www.walletauth.migratelive.org/
1164,http://fix-dapps.com/home.php
1165,https://us2usps.com
1166,http://aibmobilemobileservices-banking.com/Alert.php
1167,http://aibmobilemobileservicesbanking.com/Alert.php
1168,http://aibmobilemobileservices-banking.com/
1169,http://aibmobilemobileservicesbanking.com/
1170,http://aibauth.com/
1171,https://manage-reg-reaload.com/
1172,https://onet-billing.com/OPTUSBANKS%20%282%29.zip
1173,http://cmu-saninfos.com
1174,https://ulsterservice-review.com/
1175,https://unsecureaibportal.com/Alert.php
1176,https://unsecureaibportal.com/
1177,http://63review.com/payee/Login.php
1178,http://63review.com/payee/
1179,http://wreckroomvr.com/Aluluxcctfiledoc/LOONEY%20PAGE%20GIVE.zip
1180,http://manage-reg-reaload.com/
1181,https://bit.ly/2YvcQhP
1182,https://www.visa.co.jp.lvcfonly.xyz/
1183,https://magalufaturas.com
1184,https://viisa.co.jp.pcsm024.xyz/
1185,http://battelgroundmabileindia.xyz/p.zip
1186,https://www.myjcb.vodchey.cn
1187,https://mouisr.buzz
1188,https://bustpen.buzz
1189,https://softbanlk.top
1190,http://account-support.dynamic-dns.net/
1191,170.178.190.165
1192,https://cutt.ly/Lux-Trust
1193,https://bifi.live
1194,https://bifi.site
1195,https://flx-cke.com
1196,http://metamask-verifyprocess.net/mm/
1197,https://lnfos-ameli.com
1198,https://roupas22.online
1199,https://sever1.online/GlacierBank.zip
1200,https://securechainnode.net/
1201,https://www2.mobilesuica.com.g90vb94v6.cn
1202,https://www2.mobilesuica.com.huarvgny.cn
1203,http://03uswaymtb.site/
1204,https://myjcb.xuaxhwm.cn
1205,https://www.myjcb.vopaysv.cn
1206,https://tthree.cn
1207,https://maicheche.cn
1208,https://connecto-auoneo-jp.vfhfifr.cn
1209,https://sonng-doceeg-jp.xgzgxoku.cn
1210,https://sonng-doceeg-jp.fusrhuv.cn
1211,http://epos.batltyu.jodonnty.tk
1212,https://direct.smbc.co.jp.zittyst.tk/client/index.php
1213,https://urlscan.io/result/54ba6bd9-6536-4906-b833-05357ab0e28d/
1214,https://direct.smbc.co.jp.zittyst.tk/
1215,http://direct.smbc.co.jp.zittyst.tk/
1216,74.119.193.132
1217,https://www.eki-net.com-admin-update.vrekmiv.cn
1218,https://www.eki-net.com-adimin-update.fvckahe.cn
1219,http://wwwbanc0falabella-cl.persuasiveoutreach.com/
1220,207.180.236.232
1221,http://bifi.live
1222,https://bit.ly/3kBYJ1L
1223,https://tetonic.finance
1224,https://norjacksono.buzz/info/adobe2021%20(1).zip
1225,https://norjacksono.buzz/Admin/adobe2021%20(1).zip
1226,http://tectonik.finance
1227,http://tectocnic.finance
1228,http://tectconic.finance
1229,https://cachetool.net/
1230,https://aliasquaret.buzz/sharepoint/
1231,https://aeoen.co.jp.9906j.cn/index1.php??token=dad32e1b0108e010383e417d338
1232,https://dominbu.pics/sucursalpersonas.transaccionesbancolombia/
1233,https://de-legitimierung-121.xyz/de/Kontrolle/volks/
1234,https://de-legitimierung-122.xyz/de/Kontrolle/volks/
1235,https://de-legitimierung-120.xyz/de/Kontrolle/volks/
1236,https://bit.ly/3vPI8g7
1237,https://rakkutdn.tankburns.shop/
1238,https://www.aocu-aoseosncn.0iv.top/
1239,https://uberr.com.zylqtrkl.cn
1240,https://aamazonco.dqi0wl5gt.cn
1241,https://rakuetem.co.jp.member.rokfrn.cn
1242,http://k4dn97dck1b1ps.wb7cd-197f.oxinease.us/
1243,https://www.acsuo-acseonsmesnm.56cmdj.top
1244,https://www.acsuo-acseonsmesnm.6gh700.top
1245,https://www.acsuo-acseonsmesnm.74zkmo.top
1246,https://www.acsuo-acseonsmesnm.9a3.top
1247,https://www.acsuo-acseonsmesnm.viqoo2.top
1248,https://www.acsuo-acseonsmesnm.wwcs7d.top
1249,https://www.acsuo-acseonsmesnm.zunyihil.top
1250,https://www.acsuo-acseonsmesnm.i7bpeu.top
1251,http://www.pdfstatement.duckdns.org/wf/auth_1/auth_1/auth_1/auth_1/auth_wfv1/auth_wfv1/auth_wfv1/auth_wfv1/auth_wfv1/auth_wfv1/fm
1252,https://urlscan.io/result/9af6eb76-24be-412e-aa3b-347a1f6049d3/
1253,http://8d0a0841d59488541.temporary.link/
1254,http://smartdigiseva.com/
1255,162.241.120.180
1256,http://xn-----6kcahw5agfvk3aq2e0d.xn--p1ai/
1257,http://cutt.ly/UF2ZjmK
1258,https://colis-postlu.azurewebsites.net/details03032/BIbAZTGkMv4556/
1259,https://www.aepd.es/es/documento/informe-brechas-2022-03.pdf
1260,https://www.cpomagazine.com/cyber-security/police-seize-raidforums-hacking-site-detaining-its-founder-and-accomplices/
1261,https://zsecurity.org/pyphisher/
1262,https://bit.ly/3vINwBV
1263,https://ameouzm.co.jp.member.nqktbrs.cn
1264,https://ameouzm.co.jp.member.nheznjm.cn
1265,http://qualitystore.site/
1266,https://bit.ly/3xPE1n7
1267,https://www.merhabaemlak.com/
1268,https://urlscan.io/search/#107.175.194.124
1269,https://bit.ly/3kdazPZ
1270,https://amuaemon.co.jp.member.citpmul.cn
1271,https://amuaemon.co.jp.member.elupkyi.cn
1272,https://amuaemon.co.jp.member.eybidam.cn
1273,https://bit.ly/3ke1fLA
1274,https://bit.ly/3vd0bhl
1275,https://hubs.ly/Q018M6JN0
1276,https://hubs.ly/Q018M3cT0
1277,https://bit.ly/3vpmkJz
1278,actualizares.com/nb/m/k/
1279,https://urlscan.io/result/a19efbea-8d6a-4616-ae1c-7eab7514c18b/
1280,https://bit.ly/3vcl0tg
1281,https://www.silicon.fr/phishing-service-business-croissance-437150.html
1282,https://www.helpnetsecurity.com/2022/04/26/cyber-asset-attack-surface-management-video/
1283,https://www.helpnetsecurity.com/2022/04/26/shadow-it-saas-adoption/
1284,https://bit.ly/3vc3aXf
1285,https://urlscan.io/result/f1124735-ab52-4096-9bbf-276633c00799/
1286,https://parliamodi.news/article/aHR0cHM6Ly93d3cuYnV0YWMuaXQvaW5zdGFncmFtLXBoaXNoaW5nLw==
